1360,2519,69,52,188,1,72,1420
3592,2701,20,94,198,39,117,3115
966,1000,13,60,74,3,35,1575
3944,6960,22,43,194,59,0,3800
3671,2803,24,66,149,18,139,3661
3419,5601,17,61,140,21,38,2538
3885,2164,12,53,182,40,0,3419
3404,2380,78,76,57,69,0,3165
974,1000,60,30,14,35,30,872
2547,3903,42,36,113,72,253,3084
1475,1000,39,47,189,68,0,2271
2306,3978,53,92,192,40,43,2271
4390,8226,13,43,50,27,328,4968
3056,1049,37,32,146,26,0,2728
1275,1287,68,83,70,42,0,2252
2455,5749,83,88,173,54,0,3140
4443,8658,90,53,36,35,201,3047
1521,1730,10,83,29,6,129,2425
3961,4512,45,85,154,23,192,3256
837,1106,14,49,165,19,0,1640
1378,1535,14,75,40,51,57,1755
1576,1000,40,60,132,15,0,1807
879,1000,86,92,55,61,0,1608
2562,4953,74,51,186,72,0,2573
4384,5398,22,86,95,59,0,4154
3599,4654,56,65,81,56,0,4051
700,1688,52,74,7,3,0,1213
3604,5497,33,46,102,13,116,2597
1304,1973,26,37,11,25,64,1447
2070,1768,23,72,161,5,206,3214
4340,7475,82,78,157,25,115,3951
1002,1000,19,78,165,52,86,1320
4993,5371,31,50,152,25,472,5710
3290,4286,48,80,47,25,240,3975
4691,4206,74,78,197,23,0,4297
2257,4727,36,86,191,57,134,3067
3742,6825,66,46,104,59,343,3107
3657,1988,59,54,11,3,0,3555
3229,5886,67,85,167,37,0,4110
2097,4271,71,36,41,35,185,2903
3193,2755,36,64,85,4,285,2504
2538,2044,78,100,12,17,0,2811
1806,2543,77,30,102,2,0,1702
4529,2512,78,97,130,14,0,4180
1782,2930,49,39,200,15,12,1446
1163,2727,17,71,19,53,0,1483
2498,1447,14,70,104,56,0,3625
4243,6592,34,56,75,35,404,4792
4263,2464,81,67,80,24,370,4911
2353,3936,30,95,67,53,0,3159
3652,6979,69,97,183,39,38,3590
3277,2960,60,60,45,36,0,3148
4010,4207,43,85,73,46,0,5209
702,1000,33,63,49,20,0,1132
3755,5723,30,73,196,56,287,3058
4996,6806,16,80,114,62,221,4936
2430,3104,35,84,22,54,0,2836
4082,5882,27,67,103,17,134,3100
3772,7663,65,63,61,16,0,4015
4782,2490,64,77,16,59,0,4216
3011,3143,46,66,40,16,187,3808
2294,4287,61,32,108,32,114,2039
1159,1000,28,79,7,66,0,1977
3311,3578,24,50,158,70,251,3802
1869,1587,61,77,48,62,117,2567
3411,1958,30,86,180,45,294,4020
3476,6971,57,85,54,28,0,3521
2885,1000,63,99,31,59,0,3093
2302,3992,11,61,95,62,89,2596
3869,6661,71,98,99,50,350,4925
1123,2486,77,47,118,38,96,1704
4143,7459,38,32,192,27,0,3637
3608,3343,62,94,62,38,301,3469
2556,4054,19,35,184,51,237,3326
2182,1000,29,48,136,16,14,1843
4491,7384,71,99,80,17,434,3559
4699,3696,34,48,94,18,279,3281
4423,8848,14,51,74,71,0,4305
3057,6495,14,96,163,57,0,3597
2700,4086,36,68,83,70,0,2672
3461,6986,13,57,112,53,0,4283
4277,5963,56,51,129,1,91,3139
660,1443,84,37,171,36,60,755
4993,4231,52,70,3,46,0,4338
1800,2748,37,54,102,8,175,1846
1718,1334,84,68,38,53,66,1662
2193,2217,50,92,64,14,0,2484
2985,5431,68,82,82,8,194,3381
725,1479,28,76,152,5,61,1105
1315,1935,13,57,74,6,0,1626
3620,1654,71,66,81,27,0,3362
1743,2882,72,90,72,35,0,2942
2827,4621,13,59,43,3,0,3118
801,1048,52,65,61,69,23,1111
4776,8483,54,36,67,55,77,3791
1106,1457,22,63,165,3,0,1581
1199,2622,37,61,60,28,52,2042
1639,2843,46,71,27,43,0,1887
2800,3814,36,43,96,18,0,2663
3475,5969,15,68,184,61,38,2385
1684,1445,18,60,126,1,66,2093
3827,4867,15,53,137,64,0,3851
3894,3644,38,33,139,14,127,2490
2316,4322,62,53,155,53,42,2061
2395,1684,14,46,19,59,178,2994
4363,5183,21,79,64,37,420,5375
4514,7293,17,74,154,50,11,3408
2186,4421,58,88,163,14,188,2632
654,1000,59,40,137,25,63,672
3037,2487,48,84,43,8,0,3519
4841,5354,39,81,189,13,83,3810
4615,4543,55,69,97,64,150,4157
4347,6980,16,61,18,43,308,4568
1471,2236,53,65,159,33,0,2246
2482,3686,88,53,142,42,86,2158
4236,5108,87,58,107,63,50,3191
1074,1614,84,92,84,43,76,1766
1648,2333,39,48,103,34,15,1522
4354,5295,60,85,37,69,0,4129
3551,5388,48,69,59,41,214,2706
504,1000,17,63,187,59,10,891
4864,4511,61,54,122,37,0,4317
1135,1159,30,57,103,45,0,1848
2182,2765,13,53,183,4,0,2120
1869,1000,28,91,97,60,96,2612
1650,2996,78,60,117,19,69,2039
2164,2331,48,30,60,44,32,1958
1059,2420,50,100,156,22,19,2168
4570,8539,67,60,2,24,0,5242
1970,1845,44,90,109,33,0,2106
4749,6293,31,93,78,60,13,3810
2179,1619,70,31,77,9,48,1322
2765,3081,28,58,153,64,138,2360
2135,2878,84,51,154,30,114,2256
3751,2947,86,74,71,72,115,3536
4230,3854,89,69,103,5,0,3765
2989,2734,54,93,115,27,180,3297
1515,1576,16,36,64,66,76,1979
3587,3281,18,50,153,43,0,2687
835,1000,51,73,170,58,32,1323
4046,6432,49,70,15,64,311,3311
4246,3774,51,58,183,27,0,3983
2927,2129,38,75,51,58,226,3332
2068,2071,30,97,18,24,0,2224
3238,4650,72,34,189,23,68,2325
2944,3187,42,58,122,58,0,3645
3396,1974,58,77,33,24,38,2351
614,1989,21,60,110,5,32,1287
4474,9388,29,44,156,62,256,3222
912,1463,35,97,60,6,12,1600
1175,2087,17,86,16,5,45,1380
3004,2371,19,56,1,4,0,2884
3286,6701,60,42,13,34,0,3229
4579,5497,49,77,172,8,0,5005
3940,4343,21,61,145,17,337,4634
4266,2153,40,64,10,33,0,3743
2826,4442,32,78,181,56,42,2912
1228,2178,89,54,32,29,0,1547
4992,9569,50,66,82,55,300,4999
3438,4890,27,85,61,38,0,3846
3794,6886,67,80,170,7,60,2949
1656,1000,21,30,32,39,0,1528
1232,1892,14,43,36,61,0,1765
4830,6271,48,39,119,16,0,4219
1453,2099,24,65,155,37,48,1904
3039,2378,81,71,173,53,227,3649
4219,6958,66,69,117,17,0,4638
1824,1570,79,72,78,41,0,2245
1655,2946,38,93,103,28,0,2021
3423,3078,60,62,161,65,0,3252
4634,3360,18,49,99,64,0,3934
1581,2079,17,73,193,32,145,2176
1394,1670,52,53,20,15,112,1942
3572,3595,51,54,137,35,210,3564
4785,7251,28,43,162,71,119,3951
1714,2904,13,54,1,35,130,2328
3940,2515,37,86,171,16,0,4262
1323,1816,67,41,171,48,105,783
633,1000,10,41,51,22,0,1209
4798,5201,79,96,124,8,251,4966
3311,4283,61,80,190,70,160,3598
4012,5370,25,72,156,61,172,4050
3876,5773,45,44,199,48,74,3635
1853,2335,66,48,87,63,0,2084
857,1000,40,53,35,37,0,1375
1167,1491,56,78,196,64,0,2025
1645,2298,10,43,183,71,0,2116
1039,1993,21,98,83,11,11,1578
3279,5625,29,70,185,9,202,3767
4275,5128,83,93,83,70,325,4962
3279,5705,88,83,42,18,225,2961
3456,3277,27,81,106,54,276,4086
2081,1625,41,47,12,9,0,2051
1515,2374,13,88,132,22,49,2126
2693,2323,40,36,53,50,123,2534
4658,8663,21,71,176,67,0,4605
2168,2951,67,78,182,13,95,2159
1960,3692,20,97,161,24,153,3230
2484,3670,55,86,17,2,56,2117
1752,1000,59,40,197,32,0,1894
4481,8679,28,59,112,51,196,4726
2650,2085,23,47,100,61,50,2152
1829,2257,23,76,58,50,180,2594
2517,2962,12,69,3,37,0,2604
1831,1519,82,93,82,56,72,2524
4844,4593,14,48,156,59,332,5254
4761,8204,14,56,57,25,438,5444
1858,1789,54,81,57,20,33,1623
2628,1519,73,92,27,20,0,2870
3332,3446,22,46,63,21,0,3104
4079,5595,82,95,91,50,304,4889
3531,5219,77,96,29,69,131,3154
4318,5130,51,51,22,27,180,4048
4638,4432,14,48,17,61,204,3120
4323,6035,56,82,80,54,357,3255
1260,2398,17,45,94,35,56,1776
3945,4282,30,36,155,9,0,3786
1399,1056,33,55,135,60,131,2047
4955,6611,22,60,159,62,0,4378
3766,1882,40,38,117,32,175,3409
2387,2415,80,45,39,38,0,2476
1166,1000,56,89,46,62,86,2067
4688,7499,48,89,114,63,280,5308
3622,3767,66,84,26,18,0,3421
3617,5458,19,58,149,63,0,4475
3093,1727,48,65,196,68,95,2540
2468,1000,67,32,55,17,13,1793
2786,3834,18,60,143,65,154,2452
555,1153,31,31,56,49,36,587
1025,2108,56,36,148,4,0,1179
2625,4686,54,78,32,17,0,2936
3783,7090,67,64,148,43,0,4407
1669,1680,71,30,31,45,30,1436
2658,4517,41,82,71,17,0,3631
1993,3606,51,89,26,22,84,1813
3160,6039,30,58,10,25,0,3288
3239,5622,36,98,148,2,123,3088
4014,4797,83,82,166,17,0,3868
1376,1349,12,48,54,52,0,1836
4312,2771,62,48,12,26,342,3986
1960,1103,15,71,25,31,0,2968
2824,3633,52,38,99,10,190,1885
2233,2460,89,36,150,38,57,1966
3921,5428,48,35,23,29,146,3363
2897,2882,46,74,167,70,0,3402
742,1000,11,96,152,20,0,1776
3090,4747,46,45,16,46,0,3214
1563,1000,75,31,131,2,0,1266
967,1000,31,78,80,17,76,1749
503,1000,11,56,40,67,0,865
3428,1717,14,39,42,38,0,2777
3051,3565,29,33,181,14,0,2960
4789,5621,63,31,51,36,0,4327
1346,1000,85,57,20,13,90,1976
1641,3862,45,59,164,27,53,1694
2310,2534,90,38,121,8,85,1303
1223,1433,25,30,171,53,0,1576
4244,5055,75,60,44,9,0,3848
1401,2415,12,75,113,61,79,2140
820,1000,21,74,47,40,12,1189
3332,3744,26,98,15,32,313,4693
3324,2037,48,78,179,23,127,2935
4177,6758,30,99,90,40,302,3707
1618,2752,33,88,181,29,103,2348
2104,1000,39,55,136,45,0,1849
2408,3285,57,77,171,2,0,2541
3891,1783,61,36,165,28,193,3609
1372,2728,51,97,9,44,39,1728
4727,4087,58,71,147,29,0,4304
2636,4543,30,93,4,63,192,3429
2949,4057,23,58,19,20,54,2278
4262,3782,26,75,87,12,346,4786
1492,1000,65,85,46,43,32,1826
2497,2282,71,82,106,15,0,3141
4187,5851,84,77,128,12,212,3945
4518,8276,74,59,9,30,171,3264
697,1360,76,55,170,43,43,1446
3126,1719,66,71,86,22,272,2213
1702,1000,28,71,168,17,19,1801
2535,3673,83,68,11,23,226,2069
1620,1733,67,56,85,4,69,1663
3568,2567,11,72,106,58,26,2920
2836,1752,41,48,55,17,281,3508
3145,1904,69,39,36,53,0,2950
3353,6050,13,33,171,44,88,2825
2871,4005,42,92,167,18,91,3306
3391,4075,22,64,101,58,0,3498
4725,8380,22,86,99,32,0,5912
2455,3925,17,57,137,47,74,2822
2334,2152,10,53,3,51,42,1967
4606,6584,69,99,41,65,0,4928
3419,1239,89,98,115,35,0,3225
3097,4302,70,46,133,22,191,3057
862,1035,29,92,30,44,36,1255
2688,4781,50,40,185,21,138,2778
3781,3260,16,92,97,30,33,3091
2139,3219,42,50,111,41,0,2000
1327,1640,78,52,112,47,119,1498
3230,1790,47,90,163,4,166,2873
4951,7940,53,75,126,48,31,3787
4033,5597,11,53,98,28,0,3713
3867,7604,58,80,91,56,0,4040
3917,7273,31,72,74,24,290,2938
3372,3062,77,31,44,65,0,2882
3572,5953,42,52,186,56,0,3625
4002,6157,89,73,154,52,182,3046
4007,5215,62,64,68,70,203,4089
1074,1862,20,72,110,61,0,2104
885,2386,10,57,135,34,82,1840
974,1000,39,61,159,23,48,1262
4072,3787,75,67,142,20,149,3129
4658,4698,60,32,143,60,137,3609
3620,7141,86,59,92,55,186,2810
1188,1000,76,64,56,5,0,1487
841,1513,66,85,172,40,54,1408
2259,2217,41,88,141,16,142,2523
2982,4433,34,100,8,28,0,3156
3217,4538,37,93,55,4,159,2419
2832,1890,87,68,96,54,251,1969
785,1000,59,98,127,66,0,2301
3557,5882,18,40,83,56,168,3514
3793,3044,31,81,63,44,60,2980
1446,1304,44,44,16,43,42,1376
4650,4647,87,67,20,11,0,5371
2401,2835,62,78,104,21,185,2226
4564,3020,41,84,85,17,0,5400
3962,2384,12,79,76,46,0,4118
3579,6656,15,48,94,52,239,3660
4908,7117,62,39,95,49,485,3847
3038,3459,25,96,152,32,0,3180
664,1000,53,71,126,60,0,1424
4777,5242,77,89,129,55,136,4027
1322,1296,19,77,181,34,90,2495
4742,4857,14,98,122,11,0,4413
4195,7172,75,100,177,8,0,3940
1013,1396,20,93,7,72,45,1893
2420,2559,51,42,6,39,237,2981
2055,1542,14,81,199,59,0,2362
4723,8417,26,95,149,10,0,5678
3268,4107,84,84,176,36,91,3040
4453,2394,78,42,35,62,13,2974
3073,2344,63,32,190,10,0,3263
1801,2863,66,58,13,17,0,1877
941,1000,11,49,190,38,52,904
3680,5486,42,49,77,72,273,4383
3157,5391,82,76,70,28,244,3960
4298,6416,68,73,124,69,413,5370
1304,1735,15,31,8,7,91,708
2675,3521,36,86,126,57,53,2685
2581,2314,72,70,43,53,137,2928
2122,3809,53,96,64,3,0,3240
841,1069,50,43,84,48,0,1210
1145,2545,88,54,101,16,39,1248
4763,3198,11,33,171,31,364,4663
3181,4683,22,60,26,21,0,2976
3567,4480,82,65,117,49,255,4285
1886,2512,39,73,95,16,0,2368
3366,3688,62,47,97,23,205,2243
648,1594,44,55,60,24,17,768
2558,3709,54,87,133,8,123,3312
1636,1543,69,79,74,69,43,1712
686,1000,72,68,38,29,0,925
3354,1676,19,60,135,10,320,2390
1833,3686,33,68,123,22,0,2472
4650,2338,27,52,85,20,173,3684
2262,1833,52,31,105,40,209,2525
981,1756,23,94,150,67,0,1869
2620,2612,78,50,175,59,0,2345
1740,2742,20,48,41,63,81,1693
1438,1873,73,79,84,69,78,1282
2139,4375,47,63,70,71,113,2516
4726,6529,25,61,40,63,330,3527
4703,3595,53,47,118,52,437,5451
671,1000,62,98,174,50,52,1938
1958,2477,44,58,99,13,83,2113
4163,5378,75,96,158,57,0,4378
988,1000,20,58,42,2,0,1899
900,1000,75,80,61,20,0,1726
4353,4735,64,97,187,35,348,3390
1128,2253,85,49,4,36,66,1412
4732,3245,25,96,68,53,157,3943
1326,2772,15,98,37,50,27,2015
2000,1900,81,59,93,26,186,1728
3794,3672,61,49,181,31,368,4950
3542,3130,28,53,147,1,124,2530
4997,7717,85,30,28,42,448,5675
1966,3238,82,56,162,49,156,2815
4061,2130,36,50,159,19,0,3230
1682,1960,35,61,115,8,56,1641
3167,6416,87,51,135,9,39,2426
3483,5625,84,91,150,40,220,3263
538,1000,42,31,90,41,0,664
3269,2926,45,82,98,1,0,2747
992,1880,62,35,32,44,26,578
1631,1553,78,84,189,69,0,1790
3741,2651,73,85,54,24,0,3622
4846,9094,55,63,1,62,285,4892
3712,3337,31,80,65,54,0,3598
771,1163,50,92,120,34,67,1360
4011,7027,44,79,170,32,0,3948
2271,1888,33,65,121,40,69,1909
1762,1477,64,100,22,5,0,2407
2924,2153,49,79,24,10,289,2217
4861,8724,38,70,155,46,278,5012
4935,5377,19,59,199,42,0,4340
4984,8542,73,61,111,26,94,4227
4000,3810,34,85,107,55,0,4760
1665,2009,60,60,19,8,23,1399
875,1000,31,88,28,56,50,1186
3132,2252,42,58,2,31,0,3231
2608,3333,54,45,112,67,10,2544
2368,3287,27,79,170,50,0,2717
1889,2458,34,84,9,52,0,2011
4821,8658,10,100,8,30,0,5002
2765,5228,12,42,110,66,103,2840
1436,2803,63,47,28,39,0,2022
3300,2718,90,79,155,42,0,3428
3053,2727,41,65,138,28,0,2948
553,1000,17,93,151,18,0,1771
1226,1000,67,100,34,34,0,2179
3236,5949,62,98,60,57,29,3101
2966,5550,65,37,187,9,0,2921
1392,2825,72,78,141,7,0,2272
2876,3749,48,37,0,57,133,2241
2433,3701,39,87,113,64,141,3139
4181,2735,32,77,12,18,44,3045
1790,3094,56,83,162,45,0,2735
2140,2093,87,57,135,20,102,1839
1718,1613,18,42,51,30,47,1947
1855,3415,32,88,69,22,182,2183
2060,3170,56,82,145,69,0,3404
1918,4061,83,65,56,57,127,2257
4472,4529,57,32,78,67,101,3138
536,1400,80,49,58,7,0,973
3887,6822,62,33,194,43,384,4646
3520,7271,51,100,21,47,161,3762
1295,1642,32,91,177,28,0,2144
3611,3950,36,65,83,57,0,3911
2896,2299,66,95,116,8,237,3922
2662,1306,45,47,144,70,0,2402
3611,4907,64,80,168,50,313,3037
1812,3283,37,53,67,67,150,2610
1785,1981,39,54,200,46,0,1873
2883,2819,47,59,105,30,120,2250
2639,1047,79,54,17,70,0,2689
862,1000,68,31,22,30,28,837
4951,6053,23,67,188,35,323,5013
4238,7677,70,60,176,13,0,4869
1056,1000,17,35,195,9,0,1381
1325,1000,66,99,139,21,0,2566
3219,4427,30,37,129,65,0,2744
4241,4629,58,53,174,69,0,4250
2074,1339,32,92,55,12,45,2438
2903,4567,77,49,154,39,36,2788
1636,1000,79,99,189,39,144,2622
2564,5148,39,80,199,36,18,2516
4955,8822,89,95,168,40,208,3572
4026,4352,20,73,76,46,0,4038
2882,4034,57,44,73,67,0,3417
2584,3269,19,94,192,25,153,3710
1765,3195,84,80,75,50,161,1777
1540,2098,18,49,139,29,83,1154
1417,1143,24,93,166,19,39,2078
3691,3670,78,98,70,63,39,3059
784,1793,86,31,152,11,28,978
1262,1549,65,98,83,9,15,1595
2928,1308,49,65,48,54,0,2633
1406,1050,69,48,197,10,110,1874
4109,5304,86,86,121,39,0,3760
4053,6942,49,69,8,52,372,4894
1386,2579,74,81,18,71,32,1763
3655,6248,76,60,159,72,308,4550
4278,3100,76,32,93,21,181,2553
4526,8062,87,77,154,59,0,4611
2480,1758,77,50,118,71,244,2889
1291,2344,86,56,99,43,0,1585
2309,3911,21,61,19,19,0,2536
4176,3508,67,38,67,50,0,3546
3880,3030,44,91,78,32,146,3540
1090,1121,85,97,146,51,57,1932
1550,1208,14,69,111,20,143,1261
4133,5892,11,64,34,58,0,4275
4944,4573,39,89,147,45,250,4905
4973,6607,47,88,156,18,0,4543
3724,6749,80,66,140,63,0,4049
2375,3349,76,35,15,30,0,2133
2933,3549,42,53,52,65,0,2534
894,1110,59,51,33,35,0,1812
4288,2710,59,63,84,37,0,4688
773,1561,35,51,98,46,24,1297
1228,1101,15,100,85,39,38,1401
2543,3579,23,64,101,21,0,2628
1435,1483,53,79,28,34,0,1981
4837,4527,43,74,104,29,47,3804
4544,1936,69,84,192,45,349,5242
589,1000,13,50,84,46,0,1168
927,1000,65,59,36,6,28,1128
2395,4527,29,38,53,39,0,2432
2556,1000,20,74,164,46,246,3763
2770,4299,27,34,175,6,0,2919
1939,3674,23,96,188,20,102,2664
1215,2137,85,72,182,40,0,1609
1607,3479,48,69,190,44,110,1954
4706,5431,11,82,193,53,39,3411
2930,4389,59,97,115,43,0,3536
707,1000,20,69,18,30,0,1631
521,1804,80,48,103,68,47,1058
2060,1716,11,77,141,50,83,2518
1249,1737,89,38,14,60,117,1473
2856,5164,39,94,25,3,0,3415
2835,5287,86,49,102,30,0,3250
806,1000,87,95,177,11,48,1633
4165,8062,10,45,86,3,69,3642
2489,5002,79,43,60,15,105,2445
3420,1042,63,30,2,1,0,2590
3471,2820,23,98,185,63,235,3038
2477,1757,72,81,53,11,0,3252
1887,2534,19,55,118,36,136,1736
3953,3369,46,42,112,50,0,3587
1455,1349,86,59,119,17,0,2121
2212,1953,26,59,88,32,0,2264
3125,1037,30,38,160,67,171,2821
3479,5374,80,97,163,43,0,5086
4890,7085,88,94,133,26,0,5872
4509,6011,62,96,122,15,13,3630
4123,4611,88,77,36,40,0,4253
3869,5007,12,66,143,43,165,3820
2865,3500,71,39,18,36,0,2404
2025,4155,40,96,111,10,181,3082
4976,10483,72,53,79,27,0,4527
513,1000,77,59,79,50,18,1316
629,1000,79,82,194,1,0,1209
3716,2165,43,33,115,53,0,3035
2613,3383,84,67,196,42,114,2169
4523,2947,59,62,102,11,0,3656
3966,3722,33,92,101,25,250,4148
3581,3421,16,76,118,52,200,3763
769,1357,42,81,59,7,0,1435
3391,2216,89,90,22,57,0,3718
2860,5815,61,88,141,67,123,3516
3234,3985,32,73,9,50,162,3248
2712,1859,82,67,66,44,171,2733
2852,3191,43,89,168,15,0,3707
2439,1000,10,100,3,20,120,2752
781,1055,36,71,14,22,41,1259
1558,2381,25,62,90,3,142,2247
775,1000,11,71,39,52,19,1490
3240,2625,66,42,15,66,88,2355
1739,2420,61,41,90,63,0,1894
1864,1017,33,66,100,40,31,1972
1486,2630,44,40,94,55,60,1719
3791,3635,25,55,3,60,0,3477
3132,5611,28,96,3,63,0,3506
4328,4973,21,92,192,60,0,4507
3730,5799,19,46,47,46,0,3469
2137,1000,47,82,191,55,0,3207
1500,1689,54,78,160,55,22,1957
1867,1880,48,100,161,46,90,2627
954,1803,82,68,193,20,59,1459
4226,6709,10,34,116,38,411,5143
3647,3391,64,35,70,24,0,3117
3375,4953,69,93,158,66,40,3016
4900,4403,18,98,82,65,364,5720
3838,1000,42,54,137,10,0,3462
3515,3515,34,85,17,1,196,3677
1461,2838,18,79,92,55,128,2336
1526,2814,34,46,66,5,0,1964
3001,2381,64,73,8,43,263,2410
4899,9650,70,75,59,49,0,4893
3864,5459,76,79,77,58,0,3713
3522,3519,84,96,125,59,0,3830
3045,5952,25,65,106,52,287,3795
520,1000,78,74,17,37,0,886
906,1134,26,47,76,62,21,1176
1514,1790,49,56,33,5,113,2005
4931,4386,10,60,82,44,158,2933
2338,1984,22,68,40,50,0,2504
4354,2767,14,39,176,1,0,3723
2181,4369,79,81,134,31,137,2792
4516,2092,45,31,58,36,0,3547
3916,6438,83,54,67,68,280,3384
4945,4267,86,41,157,2,327,4806
2859,1771,39,57,197,41,125,2141
535,1378,15,43,47,57,18,635
4457,7291,84,47,20,8,87,3382
1743,4092,63,81,72,11,29,2065
3597,3346,70,62,1,6,0,4024
509,1000,64,46,90,38,0,1388
3131,4507,11,94,35,26,232,4233
1572,2110,70,91,198,72,31,2336
1816,2681,34,60,100,6,0,1888
4183,2412,32,86,17,11,56,3294
645,1000,37,72,5,3,31,1304
3540,5644,34,32,195,50,0,3373
982,1000,88,94,51,30,61,2021
1749,2577,49,89,2,53,0,2497
1161,2540,32,43,126,32,0,1753
4003,4837,58,38,65,9,217,3809
2966,2456,16,31,21,38,0,2815
1468,3359,83,66,52,63,0,1754
1600,1891,39,63,167,33,111,2176
1269,1774,18,38,42,51,46,1555
2077,4034,66,54,14,19,0,2162
1690,2103,58,43,168,60,0,1810
3323,3440,18,57,50,8,0,3881
566,1171,56,88,0,19,0,1231
3561,2378,71,31,152,67,348,4120
2928,2363,54,79,5,70,0,3617
4374,2350,76,55,177,46,0,4018
1161,2689,74,73,197,3,0,1463
4383,3740,15,36,106,52,0,3854
3874,6133,72,70,198,62,383,5042
2993,5214,51,32,91,69,58,2288
3459,4244,25,80,56,43,96,3343
4219,3239,86,49,54,27,190,3054
4443,3708,23,41,135,41,413,5196
863,1000,83,85,146,52,14,1656
2023,2334,55,74,187,12,12,2389
3056,4846,57,30,154,24,214,3094
840,1178,14,68,173,35,49,1409
2996,5074,76,81,120,22,72,3298
2189,2492,53,65,126,24,0,2341
761,1174,47,99,155,10,0,1685
1942,1659,16,71,190,12,92,2329
905,1196,68,67,93,69,82,1682
4937,9656,79,60,51,37,183,4726
1060,1000,20,37,57,12,0,1311
4637,4595,11,90,94,69,432,3450
3225,3849,36,64,141,64,147,3007
2326,3380,73,39,18,17,23,1800
633,1188,82,56,178,60,0,1883
572,1000,14,83,113,70,26,1506
4994,8295,45,44,183,42,0,4105
4725,8156,16,66,107,60,0,4447
4861,6647,38,47,172,27,439,5078
2485,3234,76,73,8,14,241,3331
1292,1162,39,50,89,59,0,1424
4759,8258,49,58,129,8,379,5614
1633,1457,57,97,41,5,79,2175
4687,8656,30,85,174,12,247,5063
4224,2905,24,65,36,66,0,3504
4638,8048,88,49,158,36,275,4323
2450,4019,45,75,89,1,97,1924
956,1000,69,67,146,72,0,1388
4785,7986,31,93,102,58,402,5926
2648,3348,27,83,10,27,0,2723
2544,3999,12,42,46,37,0,2391
3529,5661,68,39,89,34,0,3481
964,1000,55,62,101,63,80,1345
2855,4725,42,52,27,12,166,3359
4778,6242,30,99,113,22,0,5803
1959,2445,79,99,95,34,76,2432
3993,6280,85,99,5,5,70,3741
3172,1977,46,33,130,21,0,2588
924,1000,62,43,9,64,39,1395
1071,1650,37,36,18,24,0,1594
4131,3688,62,83,8,41,264,3395
4595,8030,19,84,1,28,292,3541
2779,4789,60,82,149,10,39,2293
1214,1138,88,57,44,62,64,1489
3349,4545,15,75,19,52,160,3409
1275,2846,48,78,25,71,0,1914
578,1000,34,68,38,38,45,1346
3771,7288,49,98,180,17,0,4146
907,1821,13,49,173,2,87,1522
3211,3627,32,100,154,62,200,2797
4397,4803,50,34,141,57,215,4290
2450,2524,71,49,22,72,0,2379
865,1443,47,82,15,62,0,1735
4994,4540,72,79,130,62,0,5426
4194,6371,81,88,46,27,394,5377
3791,2768,13,59,30,10,152,3070
1746,2646,74,45,95,55,0,1767
859,1687,53,53,75,32,0,1340
1462,1334,37,75,33,5,0,2257
2113,2877,50,72,187,23,123,2802
2140,3891,18,84,50,46,0,2731
4812,7793,52,94,132,62,445,3646
4785,6400,86,58,15,30,0,4841
4483,4185,44,41,91,64,424,5352
1021,2380,69,65,142,37,85,1598
2820,1809,54,88,84,60,0,2878
4197,6743,24,97,114,43,0,4293
2961,3570,32,55,137,2,115,2097
3859,4762,23,34,147,67,142,3298
1185,2494,11,82,135,46,0,1982
2660,4963,52,67,108,41,47,2233
4488,7951,80,82,94,4,142,3469
2067,3500,37,48,140,10,90,2430
3044,4892,80,98,58,59,98,2966
3208,4679,57,95,51,28,0,3347
4851,3984,51,52,35,41,0,4049
1097,1000,90,62,76,1,0,1747
3081,3454,78,46,199,70,115,2359
4808,5216,45,77,158,1,0,4659
960,1620,57,61,76,25,11,1302
2825,4305,36,50,140,16,0,2726
2224,2201,28,77,109,22,0,3070
2960,4688,76,68,106,34,143,2984
1784,2285,89,58,70,9,110,2105
4062,3967,39,88,78,28,0,3943
3581,5619,85,83,183,2,0,4084
3047,5204,40,47,196,12,0,3628
2781,2370,30,61,121,57,0,2926
3149,3421,60,33,57,45,0,3179
2756,2092,29,43,76,30,154,2500
3989,3341,51,66,200,7,0,3500
3134,2718,82,34,92,30,297,4251
4483,6026,12,79,37,5,85,3823
1543,1000,15,56,122,26,0,2285
2429,1000,80,30,55,49,200,2399
4783,7813,10,66,83,21,28,3803
3690,4179,10,87,120,67,310,4818
3792,7545,44,40,15,13,91,3144
4086,5334,61,52,74,23,380,2952
3447,4737,59,62,136,15,0,3503
4459,9064,78,31,149,26,0,3941
4655,7959,74,86,73,43,0,5728
4388,8194,71,95,31,24,0,4191
931,1000,47,49,169,54,0,1537
4778,8790,89,34,56,24,11,3386
3028,5123,90,43,173,24,0,3000
3310,3657,17,71,122,42,0,3264
4793,3305,27,72,40,31,285,3117
2671,3765,13,63,181,41,212,3217
4196,7601,71,51,15,26,0,3769
3110,6910,44,93,94,52,0,4206
2596,3030,32,34,112,34,195,2562
2903,1270,20,73,187,35,32,2497
3478,3208,49,64,187,69,16,2558
3159,4984,47,72,140,46,268,3895
1185,1287,65,85,59,29,39,1509
1865,3343,40,95,170,45,0,2407
3791,6497,45,59,160,51,86,3515
1131,1273,38,60,80,37,0,1895
3971,4477,12,38,28,19,0,3233
2514,2985,90,90,101,55,0,3022
704,1359,58,35,113,26,0,968
2219,3726,14,66,11,57,171,2795
3143,2191,65,46,179,9,0,3419
4500,6113,35,60,194,5,351,4940
1949,1199,39,99,109,70,0,2626
4152,8046,86,65,156,41,401,5012
2253,2812,23,65,104,24,107,2654
2438,4003,81,89,191,7,13,2141
870,1044,14,73,65,64,34,1071
3562,4158,22,80,91,30,107,3209
2836,4370,64,36,27,16,0,2466
2590,1370,58,77,156,61,132,2225
4169,4689,24,76,51,17,0,4141
4772,4455,39,76,141,63,321,5062
2133,3434,37,39,27,7,12,1825
4793,5810,77,79,186,69,414,3688
2037,4513,52,92,170,56,186,3559
1677,1755,81,94,21,66,0,2205
1591,1508,21,57,163,1,65,1713
3291,3890,47,70,90,25,175,3286
3175,4002,21,61,177,7,226,2595
2077,2318,65,32,184,19,0,2410
1511,2173,45,46,88,31,0,1787
2926,3938,48,73,180,8,82,3087
4902,9945,58,81,37,38,174,4578
4157,7273,32,63,131,30,107,3241
2711,3785,52,47,22,5,0,2584
758,1161,54,74,22,57,0,1742
3476,4916,41,91,4,39,276,2868
1187,1606,41,80,174,13,68,1848
3513,3215,33,46,139,44,261,2672
3196,4789,25,69,188,36,0,3529
4864,8269,40,33,68,9,265,4653
1423,1000,59,68,189,32,98,2246
2029,3898,10,86,144,58,19,2565
2094,1000,78,68,76,52,72,1715
2743,4003,21,45,186,20,0,2748
4364,3251,70,35,152,10,163,2918
2439,4686,89,61,111,62,160,3067
3569,2974,81,54,17,37,156,3411
4047,4769,23,46,66,67,155,3613
3004,2014,15,91,188,22,0,3072
1654,3073,87,59,180,22,0,2666
1485,2464,43,32,7,49,97,1811
1741,2474,29,84,111,16,0,2266
4636,8500,59,61,145,37,97,3530
1395,1000,36,52,81,41,115,2053
4884,8535,47,73,51,14,487,4004
3440,5239,51,86,61,28,70,3240
655,2322,19,46,176,4,18,1309
4719,5357,73,34,81,35,386,3101
1354,1303,21,75,67,63,73,2087
1139,1406,66,47,39,25,0,2066
2102,2143,35,72,151,56,124,1549
4200,3470,81,92,177,27,303,3309
3873,3767,65,94,131,53,340,3106
2287,3321,67,50,154,9,0,2184
4174,2682,60,48,85,53,0,3819
2404,1633,27,51,116,10,106,2072
780,1476,18,32,53,34,0,1198
4749,8735,63,72,20,56,0,4373
2250,1430,59,99,53,56,219,3224
2467,4790,79,66,183,48,0,2395
4588,3675,20,85,97,23,283,2978
2831,2628,81,64,153,49,84,2770
3490,4196,85,32,180,11,190,2354
4993,5891,46,72,127,12,0,4546
764,1000,20,76,24,26,19,1335
4508,3469,73,81,127,21,0,5015
2815,2848,53,92,188,59,0,3227
1848,1222,28,72,113,61,0,2289
2544,4267,62,45,158,29,0,2979
2879,1891,41,34,74,45,282,2118
1026,2092,63,41,19,65,58,1565
2396,2352,54,60,193,35,153,2102
2346,3775,16,60,107,12,72,2493
1078,1071,54,34,195,17,82,1434
3401,2225,44,33,92,22,0,2849
1685,2537,47,78,117,57,87,1899
2761,4916,78,84,30,46,145,3031
4236,6226,28,83,86,55,333,4963
4878,7796,70,83,107,71,0,4767
2640,3095,66,94,56,8,0,3057
2144,3258,84,45,70,44,0,2265
1955,2870,67,64,101,7,78,2125
1713,3085,89,36,96,14,0,1784
2468,4658,57,96,141,59,135,2303
2929,1169,39,88,179,65,140,3223
3366,3108,34,97,143,39,67,3555
4992,2913,81,100,41,12,231,4625
1856,4116,10,37,120,3,105,2198
518,1000,26,59,30,56,22,1149
1632,2468,20,100,45,40,49,2584
1487,2221,35,74,150,39,109,2141
3821,7602,42,81,6,1,0,3930
673,1285,41,100,57,63,0,2205
4244,8066,78,47,71,64,0,3791
3186,3627,48,87,136,20,0,3506
1093,1120,38,40,149,39,16,1305
1435,1120,74,47,49,42,136,1509
831,1000,83,70,167,25,22,1376
3949,2114,18,94,65,3,0,3737
3202,5675,22,72,190,51,245,3819
2496,3237,76,65,182,31,0,2971
1270,1089,54,97,148,19,70,1768
3655,3866,83,80,126,36,0,4562
3001,1488,56,87,163,6,0,3445
2128,3976,78,76,176,46,109,2661
4863,5503,21,72,112,56,402,5555
2782,4974,78,98,88,54,212,3705
1736,3444,80,41,118,1,169,2141
4644,2986,54,97,49,23,331,5092
1931,1369,88,58,157,4,75,2064
2824,4723,45,86,198,6,161,3476
1630,2396,24,75,29,63,0,1968
2620,1851,11,30,104,69,150,2671
2389,2123,11,92,70,36,121,2528
2323,2666,67,60,166,35,0,3120
2742,4559,21,78,68,23,154,3145
2541,1358,70,75,6,42,210,3392
2135,3750,78,40,59,40,96,2142
3719,7387,52,79,3,7,0,3692
3773,2580,30,37,65,43,0,3293
4721,5923,61,39,200,60,323,4867
1075,1000,80,76,112,49,0,1601
4958,4463,65,75,39,12,0,4619
1757,2110,49,49,63,50,0,1535
1410,1150,57,74,124,55,0,2066
4840,5226,15,77,24,10,381,5603
4509,6094,14,33,54,29,0,4522
623,1142,25,57,107,40,58,1499
2916,2902,65,50,18,1,192,3044
4672,6522,44,79,143,39,216,3373
2656,2723,36,52,129,18,180,3090
1801,3842,29,54,192,5,91,1802
864,1000,41,91,141,67,59,1635
2890,3573,59,38,114,72,0,2740
1877,3690,49,51,162,4,145,2729
840,1000,42,81,189,19,35,1012
882,2673,83,41,28,34,32,1149
2127,1730,46,62,84,37,208,1751
3670,7231,60,57,161,9,145,2965
2651,4041,47,95,126,11,0,3010
1737,2407,47,75,170,16,115,1611
3662,6261,76,38,7,59,41,2793
766,1000,31,90,92,14,17,1416
2793,2209,23,96,16,50,218,3226
975,2076,16,87,107,3,58,1943
1476,1000,26,73,197,25,0,2247
1707,1354,41,77,106,68,0,2920
1057,1000,86,54,179,15,40,1396
1382,2050,65,54,100,67,77,1870
2110,3820,67,41,79,18,99,1965
3988,7670,12,92,50,53,19,3387
4994,2193,10,57,21,72,0,4870
4302,4276,62,34,109,13,35,3016
4677,6224,74,77,48,47,212,4391
2470,4615,65,64,169,5,0,3226
3319,2659,54,43,176,12,130,2728
3619,8175,47,71,141,10,0,4321
3058,5241,31,47,163,38,0,2751
4435,4506,82,63,14,2,208,4189
4617,5428,65,86,172,69,0,5175
4406,1976,48,46,104,42,122,3488
4137,4871,80,78,154,53,0,5015
2867,1563,42,34,174,9,113,2264
776,1000,28,92,65,51,62,1345
2499,4013,67,68,107,16,0,2564
1809,1118,46,88,152,61,49,1757
4652,6914,20,37,16,57,0,4774
1041,1516,43,78,185,65,0,1656
3863,6178,79,39,31,58,73,3065
3458,4591,30,92,15,31,45,2868
3698,2926,17,91,173,10,186,3120
2741,4263,29,55,153,26,214,3269
4544,7502,55,59,127,33,146,4020
4256,7364,87,42,168,65,291,4731
4144,2266,68,75,178,38,0,3879
2630,1439,85,80,197,24,243,3583
2658,5334,20,63,93,16,116,1982
3055,4234,77,45,113,16,276,2049
1473,3065,81,83,10,38,92,2332
2868,4880,82,37,87,2,184,2147
936,1154,73,83,129,8,0,1667
2884,4014,83,61,46,47,119,3051
2089,3192,80,95,118,69,88,2690
659,1602,86,53,78,46,17,1249
552,1000,46,31,172,52,0,1051
1728,1262,19,98,20,41,168,2805
4202,6849,54,91,31,20,406,5068
4949,6693,22,37,145,30,489,3650
4297,8217,78,37,92,50,70,2947
3914,3638,56,88,148,38,319,2963
1317,1327,59,37,47,39,0,1700
1388,2448,42,92,172,19,46,1531
4732,7807,69,78,55,27,357,3537
1318,1703,38,81,167,23,0,2504
970,1608,56,97,174,54,0,1724
4300,2357,11,53,44,56,88,3437
4296,7442,72,51,59,35,0,3471
1022,2310,61,41,165,7,49,1477
726,1000,29,93,124,6,17,1234
2578,5551,19,34,187,36,150,2627
3671,4215,11,52,157,11,0,4126
3168,3575,24,43,143,48,13,2328
2378,2224,50,61,43,60,0,2989
2272,3708,58,99,131,70,43,2838
2251,2109,38,91,40,51,80,2658
1439,1000,69,88,129,40,103,2128
3720,4614,74,58,7,59,195,3694
1039,1882,49,48,77,12,82,888
1961,3362,20,46,151,16,0,2296
855,1689,61,33,106,53,0,1563
4096,7353,55,92,102,27,337,4887
3673,6172,64,66,41,40,284,4126
4341,7376,84,60,55,8,0,4132
886,1000,64,34,67,49,0,1222
1239,1000,15,90,3,29,71,1960
3759,7135,76,70,117,6,0,3896
2777,5058,31,67,167,6,126,2479
4714,3141,69,65,59,52,134,3051
4366,3089,68,55,98,54,101,3501
2197,2488,27,79,148,12,188,3236
3066,2508,69,46,30,59,0,2698
4926,8694,40,80,104,54,0,5719
4820,4531,72,72,53,42,0,4509
4075,7227,80,100,123,72,0,4916
694,1161,17,31,125,15,0,922
1130,1456,29,96,67,18,0,2185
4371,7789,45,89,94,42,0,4544
777,1000,50,61,124,46,0,1442
990,1000,20,65,53,70,0,1589
3673,3113,68,96,81,50,0,4415
658,1456,43,94,5,34,38,1491
3813,5053,54,30,15,46,0,3386
2795,4196,55,74,100,53,137,3041
2446,4236,51,55,8,53,0,2436
4144,6966,42,53,47,18,229,3197
3000,4891,49,93,192,35,202,3975
3145,6349,52,51,5,71,0,3031
3999,4460,50,85,92,15,0,3962
3732,4975,39,63,37,3,292,4401
2880,3046,77,34,63,6,272,3298
2105,3718,80,82,122,66,86,2778
2501,4000,59,70,124,6,88,2618
4142,8365,12,95,102,12,205,4445
3395,5186,46,75,21,67,245,3689
2519,3365,48,74,17,43,84,2525
4171,4588,19,35,31,55,87,3285
4732,5790,52,40,8,71,349,2994
4083,6778,75,57,131,13,0,4142
4138,5101,82,45,117,44,266,3092
3003,2347,31,72,59,5,0,2933
3337,6185,23,42,147,43,278,4029
2176,3666,72,82,20,37,0,2687
2676,1453,50,34,37,52,167,1731
4922,4015,10,49,150,68,53,3857
4324,2290,18,88,57,13,22,3497
1479,3488,76,69,133,33,29,1343
1128,1015,30,64,173,7,61,1794
4196,2817,35,36,142,32,0,3755
615,1000,90,65,151,34,0,1626
2503,4441,83,47,69,63,0,2574
1192,3073,84,62,141,70,0,1536
3662,2478,56,98,95,54,0,3838
653,1131,63,33,124,45,49,839
4199,7331,68,75,83,30,94,3591
4910,2918,28,53,165,61,40,3683
4286,6317,34,98,138,59,0,4387
1564,1106,76,52,190,2,138,1552
1716,1753,31,80,29,68,11,2016
2460,2861,38,54,138,57,0,2777
3280,4010,58,68,176,63,0,4305
1160,2675,32,75,77,59,17,1689
3135,1869,85,42,191,60,0,3241
1922,2229,24,82,35,35,28,2239
4816,3398,35,98,37,47,0,5216
4707,7026,87,89,14,53,0,4459
4065,6718,81,93,76,4,208,4302
2968,5443,24,48,136,30,0,3613
3854,3005,20,69,117,48,136,2544
4635,2492,28,38,162,7,431,5095
3083,3760,67,44,100,19,273,3728
4406,5388,31,86,53,6,0,4254
3752,4863,40,66,73,38,18,2943
778,1352,18,69,61,13,0,1454
1199,1375,88,71,136,62,38,1585
1880,3215,78,100,70,68,0,2486
3888,6837,34,77,123,25,201,3314
3609,6242,76,62,125,51,0,3649
2488,1398,16,98,162,45,190,2569
3914,6446,38,71,115,2,0,4017
805,1000,48,78,130,67,12,1610
705,1729,70,95,18,38,31,1777
4122,4581,18,76,71,33,304,4422
4099,6772,69,58,124,72,0,3436
2322,1842,81,49,5,45,43,1792
3773,6105,62,31,128,23,0,3269
4407,7017,84,45,200,25,268,3156
652,1000,38,42,10,56,56,1228
3416,6508,70,35,81,59,21,2620
2252,2326,49,92,191,61,0,3335
3110,3328,11,76,0,8,52,2200
4699,8297,41,43,115,1,283,4241
4354,2765,11,63,16,65,0,4215
3989,4234,28,69,80,27,62,3327
1180,1361,61,58,84,39,60,1086
4857,9233,58,98,150,22,154,4016
2403,2340,38,80,32,3,0,2475
4787,7539,56,95,105,11,464,6446
3671,6079,58,57,147,9,186,3855
868,1376,87,79,1,7,25,1239
2407,4235,10,98,95,35,212,3556
3035,5508,46,55,143,34,278,2423
4673,2326,42,55,14,63,428,5063
2324,4991,49,81,75,72,0,2584
2886,2063,73,58,185,43,0,2574
4163,2330,27,74,29,57,77,2998
1981,2913,39,62,96,57,179,1984
4231,4527,23,49,15,3,250,4032
951,2240,65,63,137,29,0,1170
2975,2173,82,96,142,45,228,3757
2037,2520,61,99,188,15,127,3015
3593,1989,75,68,14,18,81,2827
1382,1000,76,72,133,29,0,1615
3562,2417,80,37,106,31,0,3823
3750,5156,85,77,88,65,0,4597
2424,3315,86,72,40,69,0,3081
4060,1929,10,100,56,64,0,4042
3106,4984,53,96,2,67,11,2733
4956,9272,58,46,113,71,107,4110
701,1133,74,87,42,32,23,1465
2869,4863,84,86,84,28,232,2410
4045,7333,70,63,121,40,147,4007
4302,4082,73,64,28,1,170,3487
3775,3975,83,89,99,47,0,3792
4154,7308,39,68,98,30,0,5034
3133,3320,81,60,138,1,54,2021
4617,5193,85,43,32,34,69,2952
653,1000,35,76,180,59,11,1389
2018,2065,55,85,139,42,188,3084
2914,4157,67,84,77,3,146,3081
2242,4654,69,58,52,49,0,2702
4349,8701,15,63,97,72,213,4533
4668,1849,29,63,193,57,205,3884
1588,2452,19,86,4,6,0,2526
3142,4297,34,46,96,45,282,2435
1677,2433,54,55,100,57,0,1902
3415,3960,18,44,191,69,209,3686
3991,6578,43,76,120,64,244,4249
675,1000,25,47,37,18,35,1064
2279,4094,58,56,168,36,0,2462
3462,3457,70,55,106,35,274,3681
4356,5774,47,89,114,4,0,4374
4638,7214,70,87,156,21,0,5058
3284,4132,39,61,2,67,0,3276
2846,2163,71,43,92,21,167,2031
2750,2527,71,37,116,23,0,2480
560,1000,79,36,135,47,0,853
3510,5831,24,88,167,34,61,3299
1837,2585,15,98,125,47,56,2430
1861,3879,19,72,69,49,0,2339
2493,3018,24,45,168,68,0,3022
2411,4185,55,83,131,60,137,3321
989,1000,67,62,93,57,0,1351
794,1081,15,60,9,47,0,1460
4527,7476,60,56,109,11,0,4445
3412,2638,57,95,105,6,0,3219
2217,2379,21,99,114,33,0,2849
3758,6228,68,45,176,29,317,2752
4958,6432,44,38,184,31,33,3581
2541,1332,18,42,52,18,132,2042
4851,4440,14,49,26,33,0,4077
2635,4055,65,43,86,60,0,2459
1322,2310,70,38,184,63,84,1494
620,1000,51,53,1,4,25,1154
2568,1869,63,37,11,11,0,2412
695,1000,17,64,164,16,0,1474
2859,4827,90,92,139,48,0,3276
560,1621,90,35,30,36,13,740
4909,4344,21,42,138,17,122,3138
3395,5245,25,48,38,24,38,2614
1529,1336,58,53,95,63,0,2125
3177,3376,76,41,86,22,0,2895
3012,2993,36,75,10,64,0,3784
3810,4543,36,72,189,34,186,3859
2200,2141,63,54,123,46,0,2795
4170,5317,69,44,15,70,0,3336
998,1701,18,56,156,8,0,1510
2173,3621,84,60,18,6,0,2141
614,1000,24,78,133,50,0,1721
2236,1000,75,93,126,21,0,2538
2753,2387,58,36,118,69,231,2958
636,1068,38,46,42,44,13,1114
3505,2259,42,54,169,29,40,2542
4736,7280,87,98,22,53,0,4635
2420,4014,42,77,137,26,0,2986
704,1000,59,36,183,23,46,1068
3888,3220,25,75,2,61,0,3778
3472,5682,56,66,141,16,115,3514
3187,3810,11,46,97,48,286,2264
1316,2282,74,74,117,41,42,1956
1320,1547,57,37,193,37,114,1234
4200,5200,73,100,56,41,0,4249
1667,1868,72,35,112,64,0,1861
4393,4709,89,74,63,13,0,4112
1596,3083,37,39,65,43,0,1921
3179,6353,53,38,164,58,182,2223
2347,3757,23,61,141,20,0,2400
1887,2556,87,65,118,54,0,2517
4316,2289,60,44,196,31,0,3668
3984,5816,45,51,136,16,107,2927
4734,6880,13,87,61,18,81,4295
1755,1725,28,59,148,65,65,1968
883,2186,43,60,113,69,0,1533
3263,3170,13,63,3,55,157,3241
2839,3979,80,96,129,72,66,3191
4677,4785,38,67,18,60,71,3243
3104,2420,70,50,19,8,95,1977
2882,2226,70,67,99,47,0,3042
1134,1000,23,71,13,70,16,1375
4304,3817,24,75,44,60,76,3450
705,1201,52,51,56,69,43,1172
3121,1597,60,55,179,45,0,3622
3693,5896,85,100,45,33,0,4275
1585,1795,43,70,40,70,78,1793
1170,2711,34,79,94,72,76,2295
4075,4491,79,68,108,60,228,4023
749,1426,77,47,46,52,60,1041
2392,4778,35,88,99,41,52,2803
2003,3050,71,30,172,39,41,1688
4071,8390,11,39,186,5,378,3045
3926,5154,54,46,8,41,96,3291
3663,6705,14,100,127,62,0,4141
3442,4550,10,88,100,66,0,3530
4013,5195,34,61,196,65,291,4465
2948,3713,55,82,105,23,170,2837
3446,5737,83,69,29,57,0,3368
989,1000,17,75,35,28,0,1838
4056,6377,34,49,166,23,119,2809
3075,5337,36,50,178,10,303,4098
1115,1643,60,48,91,60,0,1317
2847,5088,25,76,181,24,0,3050
4990,10513,11,50,140,40,0,5682
4301,8030,87,59,151,20,0,4014
3061,3368,85,55,103,39,0,3038
3749,2122,44,49,176,45,0,3415
4534,7294,62,87,188,69,0,4801
4751,3100,15,88,72,37,0,4215
2314,1000,84,34,100,49,177,2391
1863,2163,82,33,105,27,51,1460
4440,8084,31,70,154,62,0,4076
5000,5117,88,89,150,71,78,4358
3235,4282,58,48,46,12,0,3203
1456,2280,36,40,117,33,0,1400
1974,3049,89,91,17,25,195,1700
3328,2393,59,88,157,66,0,4310
3009,3651,65,51,157,56,211,2533
4004,6415,27,68,33,34,179,4253
1491,2025,61,45,142,6,0,1430
1758,1825,46,78,140,22,0,2099
1014,2078,62,75,187,64,0,1660
3696,6810,21,30,33,44,199,3678
4934,8480,90,73,12,11,128,3463
567,1000,88,82,140,61,0,1531
4021,2014,58,53,32,10,186,3334
1072,2206,48,60,22,23,0,2220
1150,1000,43,79,182,4,0,1879
1537,2318,75,98,144,17,110,2128
3461,6621,68,75,4,23,70,3265
2824,4249,20,83,116,31,0,3171
1439,1975,17,33,194,13,0,1640
4216,8398,29,74,36,20,212,3192
1417,1956,11,81,145,29,120,2364
1115,2842,16,62,100,65,99,1837
4325,5927,42,52,8,8,299,4378
4688,7387,84,73,15,9,0,4111
4500,3556,29,88,56,65,0,4482
706,1000,49,72,85,23,0,1834
2357,2386,29,79,128,13,0,2499
3289,4852,48,68,131,71,89,2982
2110,1842,46,36,87,61,125,1971
2887,2695,90,42,99,29,199,3271
1443,1334,48,66,155,8,0,1695
2702,2946,31,53,1,25,252,1847
3827,5862,51,97,110,55,0,4184
2759,2865,61,45,146,67,0,2804
2328,1597,46,47,84,57,39,1857
964,1000,82,69,111,54,85,1155
1424,1000,34,80,15,8,41,1335
3117,2694,85,80,43,11,235,3529
1262,1844,61,43,37,29,0,1463
1083,1336,43,94,60,70,88,2285
2603,5304,38,77,108,27,195,2503
2442,4239,13,48,77,54,73,2266
609,1671,71,62,168,58,22,1598
1361,2643,11,68,27,47,0,2382
1583,1000,85,93,137,59,0,2693
1536,2968,26,94,159,12,0,2272
2648,1803,73,84,15,42,209,3445
4087,7064,81,83,34,22,0,4010
3794,6990,50,80,104,49,304,2953
4761,7252,11,52,144,37,217,4511
2379,2721,43,65,169,49,0,3251
4466,3702,83,85,149,58,413,5498
4606,7727,74,81,45,33,412,5139
3873,3515,83,41,4,48,0,3889
2643,4477,60,50,51,71,0,3255
3000,3021,14,41,158,37,212,3204
1947,3939,30,68,174,36,0,2352
3636,3657,36,71,17,54,0,3783
3282,4409,40,49,142,70,0,3293
725,1506,45,97,27,54,0,1661
1794,2316,42,46,93,42,128,2359
2026,1000,58,94,0,56,115,2653
3603,3393,47,84,182,15,154,3272
2940,2671,80,90,57,30,59,2639
4635,4076,24,60,148,23,0,4274
4302,4815,47,57,55,12,76,3166
3609,4239,19,83,134,68,0,3821
1734,1000,59,99,78,33,0,2450
4279,7853,49,52,126,57,142,3744
686,1387,67,60,40,15,0,1418
3035,4278,78,32,189,16,96,2499
2532,4097,46,33,106,33,0,2669
769,1000,13,42,81,63,0,1141
2130,1514,20,31,129,3,155,2299
4905,5323,73,60,4,33,0,4570
3703,6717,61,57,173,26,77,3463
2195,2114,54,64,184,66,31,1957
571,1842,78,67,152,20,26,786
1729,2976,79,77,115,31,0,2161
2067,2670,14,71,157,62,0,3313
3453,4567,38,83,40,56,316,2922
4408,8335,31,92,9,68,198,4872
2834,3255,76,38,119,66,223,3190
3309,2953,86,34,148,35,144,3078
2473,1523,80,30,5,2,0,2167
3479,3511,54,46,15,23,83,3007
4468,7198,50,98,45,35,366,5579
827,1639,64,85,150,33,77,1646
1634,3702,55,94,111,3,0,2848
3246,5052,83,90,200,23,0,4572
3573,6802,61,94,111,9,0,3556
3305,1509,62,43,169,52,0,2823
1221,1842,12,52,186,50,117,2004
1370,1374,11,69,66,49,91,2059
997,1405,90,31,82,27,44,1159
2147,1000,65,92,146,64,190,3134
3286,5543,61,78,169,70,138,3601
4371,3545,10,56,163,70,0,4699
2306,2321,30,41,186,3,28,1616
2004,2904,57,76,184,18,185,2811
3808,6197,81,63,59,29,210,3834
571,1313,49,52,190,42,12,1163
1382,2090,67,94,136,51,125,2627
4734,5496,62,88,143,15,202,4710
2004,2761,76,97,73,13,15,2129
4424,5004,33,87,60,44,0,5215
3978,7054,42,56,58,26,0,3836
4985,8369,34,86,102,10,0,4404
992,1553,58,81,3,29,88,1828
2468,2096,85,77,101,40,0,2407
4822,7728,86,87,61,34,0,4554
3720,5211,33,53,70,42,317,4323
1973,3439,42,40,24,25,112,1852
2374,3620,26,61,25,39,138,1620
2542,3899,53,34,105,5,142,2394
4569,2860,38,39,156,7,17,2897
1551,1424,21,55,185,29,79,1954
3676,2568,26,31,149,40,0,2941
2017,3242,71,75,177,23,0,2567
2461,1558,88,86,198,30,89,2622
4805,6979,48,91,86,27,321,5346
3363,3902,81,92,122,37,0,3501
3459,5999,28,93,12,17,247,2940
1898,2206,47,97,66,2,71,2240
3296,3390,55,67,30,66,0,4079
1036,1780,33,70,126,29,51,1762
3467,4802,86,44,80,30,184,3479
1596,1117,18,37,193,58,127,1291
1415,2028,33,59,136,24,0,1671
3581,3455,73,63,28,25,0,3844
2477,1000,61,42,162,55,0,2011
4700,3457,17,91,152,16,148,3878
4264,6177,82,36,74,48,39,2829
2211,3864,45,97,67,39,0,2701
2730,2287,31,99,123,59,0,4034
628,1000,45,46,57,23,41,1233
2101,4576,20,41,105,15,0,2447
4744,4326,34,58,152,64,122,3990
2544,2807,74,34,35,64,239,1598
3437,2187,63,73,125,41,297,4040
2186,2747,46,73,130,43,0,2672
691,1000,64,71,153,23,0,1798
2486,1000,45,41,94,43,194,2888
2685,4448,79,42,78,72,0,3211
4940,9663,89,94,91,67,23,3670
1508,2154,72,56,55,66,78,1903
810,1961,70,88,44,60,0,1681
4432,5639,62,47,19,11,263,2956
4506,2930,39,99,57,25,141,3709
2111,1000,28,95,194,6,187,2118
777,1000,66,82,10,27,69,1906
4404,8138,57,50,138,25,65,2989
5000,9807,56,60,192,46,0,4944
3321,3866,28,91,9,31,239,2811
4758,3747,34,42,188,21,0,4027
1762,1635,56,36,89,34,0,1628
4016,1839,17,43,164,37,0,3277
4080,6800,12,32,83,1,0,3244
768,1000,42,92,50,57,0,1653
2276,1663,37,72,116,55,48,2167
2962,5669,31,41,169,31,0,2933
3576,5026,23,88,158,24,175,3398
1485,3587,88,89,22,9,0,2277
4103,7919,65,90,52,43,302,3098
4985,5769,33,71,41,51,302,3793
1209,1641,58,73,163,50,21,1385
1985,1196,32,51,161,67,72,2118
3450,4492,29,94,84,4,220,3931
2135,2443,27,99,53,52,0,2538
2198,1807,12,92,51,14,0,3230
2591,3549,12,48,12,47,68,2561
2395,3227,25,87,193,16,64,2411
3898,1618,32,76,55,68,207,3907
1573,2904,24,43,103,37,59,1548
2945,4192,15,44,12,12,208,2943
1307,3054,29,32,160,3,51,1454
1257,1001,38,79,97,51,54,1680
4731,2339,40,35,2,15,319,3140
1461,1248,20,57,31,57,0,1758
4347,6082,27,68,0,68,0,4009
4075,1790,65,63,140,7,357,2455
1375,2266,65,91,35,2,0,2452
1501,2629,75,83,87,28,147,2581
3801,2166,64,76,163,58,321,4374
922,1000,58,47,161,6,0,1397
4766,8640,65,99,101,5,161,4577
952,1218,80,32,194,44,35,718
3664,3819,64,46,20,52,26,2899
4354,7932,13,58,174,22,0,4252
1947,3182,31,38,159,25,105,2025
2264,3092,37,30,41,64,0,2327
1529,1594,58,47,97,52,48,1618
4222,7597,52,38,143,35,229,3788
1975,1821,15,31,193,14,0,2510
3396,5976,34,33,102,34,0,2799
3001,2991,64,88,47,21,0,3936
3862,2123,63,35,36,48,200,3125
1716,1390,12,61,21,35,133,1780
2697,4894,56,70,134,70,186,2448
1278,1118,85,82,76,15,114,2230
1098,1000,49,63,139,52,54,1309
3841,4629,54,91,197,44,0,5171
724,1668,31,60,75,20,50,1379
2314,2650,26,66,158,66,173,3033
4625,6922,60,61,17,19,0,4304
2517,4634,54,91,3,72,94,2320
4065,6739,30,44,175,46,350,3190
4970,3560,36,49,126,36,248,4230
2646,4431,83,60,173,4,67,2551
740,1000,30,77,57,62,0,1700
2053,3341,65,31,163,71,0,2042
2381,2639,48,40,168,10,0,2402
930,1000,70,85,107,59,69,1791
738,1991,54,74,153,39,0,1547
2845,5011,37,74,119,46,263,3674
1856,1000,23,63,188,19,0,2399
2402,2172,68,49,85,3,82,2061
4513,1779,28,99,29,55,0,4232
4126,5681,43,81,82,54,347,4492
4971,4397,50,49,186,6,0,5013
3351,5839,27,84,77,64,290,3007
3343,5089,17,94,64,48,287,3877
4671,5201,29,53,84,65,0,3844
1425,3548,78,67,154,1,43,1529
1469,1974,27,88,8,37,0,2611
3695,6657,11,80,181,55,281,4779
1904,1903,51,48,42,39,47,1639
4513,3075,74,77,62,2,436,5328
3592,2654,63,70,176,65,0,4294
1687,1830,85,85,167,26,0,2339
4819,5849,16,73,132,28,480,3392
2310,2080,46,44,141,16,0,2725
1329,1000,56,78,174,66,0,1760
2409,4205,61,76,92,26,227,2969
647,1185,75,40,3,69,50,1317
1532,1409,40,84,117,24,0,2170
3621,7019,90,97,176,8,0,3733
777,1764,38,42,164,10,63,1141
2477,1415,60,41,77,63,88,2401
3871,6108,43,41,118,21,69,2800
787,1000,49,98,139,7,40,1748
2407,2444,49,94,7,64,234,3455
1661,1474,80,38,155,29,120,1927
629,1000,39,37,56,55,10,543
744,1807,13,75,50,66,48,1574
840,1319,36,47,59,2,31,944
1407,2773,37,99,164,4,95,2418
3154,6104,14,61,60,9,0,3921
3867,7554,13,34,142,70,228,4201
3037,2109,70,71,184,50,231,3487
2729,5260,90,75,41,13,176,3238
2577,2757,22,57,7,7,14,2261
1897,1009,57,52,190,27,0,1848
1769,1369,26,89,186,52,0,3083
684,1000,45,65,20,14,40,1263
2709,2143,35,83,105,66,262,3561
4172,5039,88,65,23,24,98,3302
1021,2991,11,55,24,71,67,1462
2387,3687,45,37,7,53,0,2600
4309,6105,44,98,33,19,287,3332
1909,3587,55,59,27,40,30,1706
2194,1771,29,78,61,6,199,2826
2672,4100,35,33,43,47,20,2094
3393,2398,29,87,139,58,0,3496
2251,3001,77,73,124,21,0,2818
4927,5796,46,38,105,39,49,3274
4631,7355,62,35,70,63,0,4542
2208,2700,14,48,153,28,128,2004
1619,2208,66,36,31,61,0,1758
4759,9507,46,37,9,50,321,3385
4743,6618,66,96,78,36,0,4533
979,1000,82,30,197,5,0,827
1923,1000,58,53,74,60,0,2029
3675,7645,65,92,24,32,0,3763
2864,2523,76,59,35,23,86,3011
1109,2134,64,37,161,61,0,2037
4366,4236,85,77,52,31,21,3180
4638,1517,54,50,96,60,218,4302
1768,2996,79,52,28,37,0,1864
1284,2174,47,45,165,67,0,1636
4554,5340,79,31,58,3,21,2420
2034,2623,72,49,186,44,80,2055
3278,2482,41,70,133,64,228,3783
1140,1910,12,31,52,10,0,1300
4103,4493,70,30,199,56,0,3449
2081,2451,45,56,91,60,154,1343
628,1000,39,64,47,37,18,1061
1351,1526,47,46,91,20,115,1827
1152,1012,36,74,17,70,0,1754
4012,7295,84,72,79,57,0,3862
2758,3310,68,34,141,67,0,2467
798,1331,26,44,194,23,10,1309
4806,2905,39,80,178,42,340,3688
4545,4826,73,51,140,38,0,4583
3157,2840,45,93,143,7,90,3048
3846,4808,19,51,59,72,249,4041
1743,3062,88,60,92,25,88,1534
4457,7876,10,65,51,47,150,3747
2466,2031,23,94,63,62,99,2989
3888,3584,10,34,110,8,0,2974
4134,2426,55,71,114,54,0,4746
2152,4791,64,42,13,48,0,2380
4641,8625,45,38,178,69,118,3311
1792,3247,47,57,98,45,125,2111
1246,2166,67,58,10,42,40,1221
812,1415,52,95,189,51,0,1788
2881,3149,29,88,32,36,204,2450
1297,1000,68,37,94,23,107,1147
4943,7606,69,39,73,60,280,3302
3165,2068,18,100,1,4,86,3327
2372,2849,17,56,42,9,189,2661
4925,3280,32,57,120,7,322,5073
890,1000,23,72,73,13,0,1460
4976,6686,89,44,38,2,12,3000
1172,2224,29,65,149,7,53,1378
1711,2371,82,74,87,21,0,2342
2618,4579,49,66,188,20,64,2597
4886,6660,15,51,117,50,67,3763
1255,1494,62,91,0,58,57,1796
1936,3009,42,35,123,14,158,2464
4899,7857,22,71,57,54,289,4905
1801,1000,80,44,97,19,0,1555
4850,6881,72,60,65,20,464,5557
3146,2678,89,64,29,61,0,3769
3145,5576,64,49,40,25,217,2338
1624,2227,15,34,189,2,13,1377
4485,7574,10,40,0,22,438,5081
2047,4682,35,49,132,61,137,2433
3994,3465,47,59,25,56,0,3974
1769,3001,37,30,69,1,0,1866
1343,1036,30,55,60,43,118,2139
2282,1359,72,38,2,44,0,1963
1246,1415,38,41,176,56,112,1788
3688,6575,44,100,19,13,13,3132
770,1081,84,53,185,39,42,1210
4456,3531,61,79,171,12,0,3642
773,1000,34,57,190,18,59,1203
2806,4513,23,33,189,13,142,3084
2206,2523,70,96,193,35,61,2245
2681,4494,73,79,119,4,0,2836
3656,4588,79,89,183,39,0,3782
2154,1824,75,50,124,17,176,2592
1853,2402,83,34,128,59,142,1899
3822,3799,89,47,74,30,0,4033
4354,6525,85,54,40,64,0,3888
534,1000,54,56,47,54,0,1339
1088,1000,81,79,182,56,0,2388
1403,2524,49,31,168,34,69,1574
4399,7048,52,84,95,72,121,3630
1338,2633,73,56,96,40,101,1754
4821,4164,83,63,99,65,280,4924
3979,2216,75,33,22,10,112,2245
2813,2103,82,45,73,15,274,3070
4036,4327,42,93,95,56,0,4001
2223,1743,29,72,121,56,201,2205
2017,4746,47,77,132,18,82,2419
4362,6780,90,46,74,5,0,4242
2369,3749,22,85,93,61,157,1938
4015,5959,34,98,106,50,0,5059
1579,1000,37,43,14,49,0,1625
4706,6887,20,51,59,71,0,4179
3028,4113,19,70,34,16,180,3221
1313,1885,68,96,0,46,0,2266
2531,2942,74,57,46,25,0,2959
1403,2362,29,57,110,14,19,1311
4003,2865,76,81,25,35,0,4471
3840,7722,10,60,62,3,272,4344
4743,6407,36,49,40,55,0,4392
1349,2325,43,70,37,42,81,1686
3397,5985,80,73,176,23,73,3184
4541,8065,77,36,176,65,238,4175
994,1022,54,36,86,33,67,1355
3682,5667,76,59,55,20,357,4643
4969,4645,42,64,117,66,410,5350
3438,1583,39,97,193,50,0,3607
3697,7928,19,94,116,18,326,3402
626,1607,85,54,109,66,0,1464
3139,3705,15,48,152,6,0,2971
4889,4941,47,47,140,3,0,4502
1184,1167,43,30,190,51,56,1116
1962,1584,38,81,31,39,0,2873
4586,7349,18,40,188,49,10,3452
4680,3798,41,82,92,36,216,4402
3341,3589,81,44,106,22,44,2445
2267,2921,64,57,50,44,221,3417
1681,2760,41,63,159,12,87,1842
990,1988,54,87,137,39,0,1502
2382,1182,69,87,159,4,210,3595
1573,1547,14,61,53,64,126,2295
4891,5924,30,67,134,41,0,5354
4231,3840,11,75,52,29,354,4816
4653,3112,14,35,34,50,42,2751
2681,4109,18,35,196,17,184,1810
3097,4952,69,48,133,67,0,3157
2177,1045,51,81,39,72,0,3116
1764,1430,14,96,5,51,93,2186
4516,3561,90,51,190,69,0,4133
3098,5079,36,58,174,67,119,2810
2540,2126,14,65,95,60,0,2713
2279,2737,18,96,57,32,39,1918
4786,7308,24,52,86,72,111,3921
1691,2276,18,45,56,2,0,1957
1911,1163,15,42,51,16,81,1838
642,1671,51,31,195,18,0,693
1287,2791,45,30,151,40,0,1573
4341,3803,22,48,77,1,330,4565
3072,6006,83,34,109,42,0,2986
566,1000,16,48,13,37,0,1272
4786,7037,68,71,166,71,363,5433
3032,1391,12,38,83,46,0,2851
1687,2815,87,85,111,54,0,2507
4971,2964,63,67,102,46,261,4644
3839,5365,73,44,11,36,0,3375
1048,1630,43,75,41,41,74,2028
698,1000,64,91,136,43,0,1206
3701,5679,26,60,125,61,0,3627
1071,1873,71,95,36,65,52,2037
2138,2468,70,59,136,30,164,2603
1234,1651,14,66,46,15,0,1364
1298,1491,22,100,72,12,89,2132
3295,2558,21,59,34,14,256,3244
3418,2166,83,90,95,63,0,3864
2105,3615,59,47,136,1,110,1875
1715,3251,14,94,162,25,167,2611
824,1543,25,69,15,3,60,1529
1990,2602,83,61,68,50,0,2468
4979,5966,44,98,129,51,358,5959
2852,5568,49,57,18,8,0,2622
2077,1517,43,43,141,44,0,2125
2720,4442,16,99,162,32,0,3828
2681,2079,36,74,155,27,169,2382
2311,2764,31,76,104,45,176,2140
2144,3090,51,31,59,16,187,1584
4982,9011,64,73,106,47,247,4898
3658,3510,47,64,1,65,0,3365
2712,4057,57,52,86,60,0,2483
2756,1362,70,58,141,33,168,2869
4310,2218,44,92,159,66,74,3440
1912,2352,24,33,103,26,146,1534
2083,1884,86,87,185,45,158,2656
1110,1481,39,51,160,52,0,2149
1840,3438,33,43,197,37,183,2650
3439,3956,26,32,160,30,142,2230
2105,1918,73,69,88,58,101,2473
2794,4305,59,70,17,56,58,2876
4162,6369,20,51,153,31,162,2907
2407,3437,35,61,108,41,167,1965
1524,1738,85,50,3,44,0,2028
1045,1278,46,67,21,35,86,1796
4674,2553,32,55,126,27,0,4769
2490,2598,57,33,32,50,0,2183
4275,7428,10,90,6,40,320,3669
1420,3197,50,64,65,42,0,2214
4056,3878,23,56,116,18,255,4210
4725,2797,88,68,38,68,158,3059
1361,1162,21,52,130,58,0,1519
764,1210,53,30,121,59,75,760
4752,5459,67,100,132,55,109,3584
3425,4135,13,98,111,20,78,3288
2132,3447,19,65,142,67,0,2198
2672,1000,59,75,125,41,52,2463
2606,1218,86,41,53,10,142,2739
2067,1923,70,57,121,17,102,2005
2653,5053,28,84,12,51,169,3128
1579,1000,69,35,128,16,50,1258
4011,2664,53,68,27,24,323,2756
4784,7694,85,74,82,10,0,5476
925,1668,45,31,50,66,64,1105
3464,3005,45,100,190,58,91,3626
3021,4500,69,49,10,9,183,3485
3068,4927,27,79,164,61,0,3858
4505,3435,56,99,88,50,316,5039
582,1481,82,77,150,1,0,1447
4105,6644,51,91,92,25,0,4960
2673,5515,34,34,60,5,0,2571
3101,2279,20,77,1,53,0,3195
4330,6445,15,61,194,11,49,3159
1633,1895,11,90,89,19,10,1975
4048,5716,25,68,94,46,128,3998
1396,1678,67,43,122,61,0,1741
1577,2952,41,77,107,4,27,2043
1085,1000,33,47,126,70,0,1597
1034,1000,50,62,6,4,81,1048
1504,2508,66,87,101,68,83,1935
2981,2474,69,62,169,11,0,3013
1604,1159,42,71,9,47,110,1648
937,1000,14,76,75,32,83,1105
3048,4249,50,85,200,4,0,3201
3168,5771,50,72,113,17,32,2921
2090,2053,60,93,53,24,55,2467
1857,1089,76,48,31,31,135,2271
4118,4901,15,99,131,53,0,3912
3228,2599,80,90,53,44,0,3698
3062,2435,24,33,125,13,301,2145
1116,1000,17,39,96,72,0,1841
2259,2380,87,42,44,36,117,2082
4651,4961,45,30,92,44,14,3159
3100,3216,22,54,81,2,0,3952
4403,6802,89,55,47,61,0,4083
2560,1979,55,38,177,3,182,1865
2994,3408,56,40,192,30,0,3064
2621,4499,50,85,105,22,0,3687
3688,3135,77,91,164,38,0,3704
4636,4305,56,37,72,2,0,3980
4220,1842,32,72,166,71,316,2923
3383,2429,54,50,192,57,149,3132
4712,3619,88,87,143,6,239,4584
4763,3516,55,47,35,59,62,3098
1864,2513,24,61,92,26,0,2143
2821,1830,28,44,119,52,0,2768
2620,3626,69,75,124,17,239,2009
4004,3910,72,84,24,42,95,3465
656,1000,66,59,30,48,16,1129
1234,1422,84,70,140,31,77,1647
654,1440,52,46,157,69,0,1014
4687,8883,37,33,34,49,129,3769
2216,4058,39,69,193,41,0,2682
3357,2820,79,94,40,72,141,3188
4772,9118,77,74,89,40,0,4202
1165,1570,68,65,32,42,0,1352
4201,5885,38,54,186,35,0,3628
1569,3482,18,99,98,37,18,2122
1712,3432,85,33,64,50,41,1601
643,1000,80,80,175,10,42,1606
3642,5555,49,69,58,12,0,3526
3804,6626,63,45,137,45,0,3571
3213,1937,87,65,178,42,172,3477
4794,5123,48,87,163,6,38,3599
800,1000,20,44,37,26,0,1264
3510,3579,47,93,157,57,0,3880
2037,1823,18,67,146,16,0,2269
897,1649,31,42,103,52,56,1213
3857,6964,47,73,76,12,0,3851
1663,1528,82,51,86,15,83,1641
1055,1000,66,100,79,21,0,2225
2459,3098,31,67,110,28,111,2213
1602,2909,14,85,131,35,0,2379
1799,1000,86,91,53,39,50,2187
4379,4480,33,43,155,20,0,3898
3331,6057,77,50,8,12,0,2964
2032,1014,43,54,121,14,103,2058
2631,4149,55,65,64,21,172,3236
3194,4058,23,73,61,21,80,2753
4973,5718,53,65,76,15,475,3373
3864,7455,44,46,91,47,14,2678
1910,1799,29,43,46,9,0,1965
1672,1848,17,72,161,11,0,2161
3325,2552,18,77,84,70,58,2854
863,1000,28,55,196,50,0,1384
3809,4423,89,82,9,20,46,2680
1045,1000,37,100,81,40,99,2097
2436,1201,27,55,144,12,234,2739
3505,6840,36,62,178,59,228,2881
4340,4891,67,33,54,4,0,3186
1365,1000,31,97,32,53,0,2065
3397,2024,85,62,41,19,0,3706
1141,1999,58,32,165,6,0,1351
1365,2553,85,64,60,41,82,1548
4987,7603,46,97,49,42,93,3908
4018,2940,17,58,186,22,0,3396
1239,1337,86,86,28,15,0,1977
2045,1000,75,74,161,69,31,2289
2759,2149,62,83,199,4,0,3659
1251,2118,30,73,99,70,0,1959
1353,1030,50,98,70,46,40,1791
4232,4634,48,82,185,27,0,4362
1829,2090,19,62,83,46,0,2278
3226,5837,51,30,94,29,68,2727
1769,1617,68,33,125,22,98,1760
1969,2523,11,49,165,60,99,2270
877,1000,15,69,11,72,21,1184
2507,2185,16,71,169,13,173,2899
1300,1199,59,67,118,59,115,1776
524,1000,34,43,149,27,0,1002
3338,5403,38,47,64,3,104,2885
2417,3977,86,39,190,48,236,3066
842,1442,35,56,140,49,0,1398
2776,5049,85,86,58,43,0,3192
4464,8755,39,58,67,39,286,4959
2065,2584,23,97,8,33,0,2705
676,1019,15,50,81,9,0,1127
693,1000,29,35,21,62,0,1281
3735,4426,49,69,117,71,308,4625
1442,1000,77,99,196,25,86,2446
1453,1000,42,51,38,36,20,1065
3881,2116,90,75,25,67,19,2876
1045,3286,29,64,196,26,0,2180
1862,3614,48,73,55,49,0,2280
3519,2050,76,52,108,54,0,3194
3544,2208,40,60,185,30,0,3272
2298,4637,58,37,78,64,124,2517
3471,3394,20,42,152,55,0,2957
3504,4633,15,81,159,68,213,4089
4814,6295,73,80,56,52,0,4610
3008,4704,17,40,2,66,19,2060
4952,7774,77,44,171,21,0,4963
3071,3302,48,34,12,58,19,2168
3303,4067,46,81,49,37,48,3318
3883,3332,28,43,4,65,280,3910
2915,5093,27,55,66,13,20,2337
3383,4636,52,74,175,21,53,2755
1704,2417,79,54,71,26,0,1791
1267,1660,63,30,136,28,0,1536
1154,1827,17,55,94,52,91,1865
2946,4152,17,79,45,62,0,3193
4166,4649,52,64,35,2,0,3583
4810,4412,24,34,31,44,394,5016
4181,3908,23,72,45,21,407,5084
1943,1741,57,81,59,34,0,2473
2497,4438,53,73,3,60,0,2735
933,1062,60,53,18,51,40,1150
3411,3360,49,74,119,41,68,2645
2762,1873,62,30,31,30,53,1816
4132,2075,39,68,141,24,0,3599
4522,8955,73,46,25,8,0,3803
4299,3549,36,91,49,4,281,4519
1253,1740,29,33,22,51,99,1082
2698,4186,56,45,8,54,0,2725
4928,6612,17,79,53,31,0,5605
4826,9348,15,91,98,26,143,3695
3238,4760,21,56,65,56,271,3821
1380,1150,12,96,161,16,124,1865
4314,3432,28,84,36,2,0,4306
4664,7018,14,100,3,65,402,3967
3367,1869,30,80,16,35,0,3794
4126,5710,89,32,149,71,379,4814
4516,4411,14,44,103,47,0,3940
2348,1636,31,75,19,46,223,3515
4675,4193,12,84,91,41,381,5450
3809,2648,24,83,124,29,67,3239
1482,1000,46,94,126,72,0,2160
4614,2683,37,75,24,8,0,4345
1910,3928,44,44,46,70,112,2493
1051,1000,83,45,28,52,0,1217
3894,3905,26,65,186,29,177,3225
4576,7240,81,85,185,24,344,5267
3231,1754,32,71,84,48,0,3154
4437,5788,28,76,176,35,356,3766
872,1225,68,64,58,56,25,1189
814,1288,53,75,159,47,52,1438
2876,2329,42,100,97,55,82,2765
4878,3394,81,93,164,72,0,4660
2052,2556,36,72,108,51,73,1670
1257,2467,45,55,33,60,69,1933
1604,2627,62,32,70,48,0,1686
4492,4218,46,54,172,35,440,3207
2187,2224,76,63,125,24,0,2011
1222,1636,36,82,150,20,0,1887
1279,2242,22,87,191,69,60,1898
843,1000,76,42,47,58,0,979
1811,3088,29,68,158,36,11,2062
3836,2387,16,42,163,22,365,4245
918,1000,17,68,97,9,36,1377
3892,1649,72,31,197,52,0,3514
2045,3718,78,81,92,68,0,2536
1570,1177,79,64,69,49,50,1113
2350,4253,13,67,177,26,97,2993
3439,1190,38,36,108,67,11,2385
3369,4019,53,95,73,53,57,3352
2542,3382,33,95,46,56,0,3398
1778,2988,53,54,184,57,153,2388
2936,5325,46,37,126,37,0,2663
2705,1737,23,82,35,47,118,2576
3265,5029,17,67,96,18,82,3119
3882,4216,41,30,197,3,0,3229
4773,7148,16,47,55,69,64,3139
817,1000,47,69,5,61,31,1328
618,1000,69,51,74,12,49,1231
4057,6301,85,61,39,39,180,3887
4640,4196,58,74,183,64,374,5232
3103,5003,34,62,134,45,0,3247
4669,3255,78,60,53,54,195,4422
4134,7265,19,58,8,2,0,4631
4405,8146,29,93,173,24,0,4600
4872,6955,63,55,26,66,333,4986
4057,5104,30,72,154,32,134,4319
809,2114,70,42,17,48,0,863
3895,6437,28,70,52,48,103,3789
1345,1123,63,32,52,62,0,1324
565,1000,46,92,148,49,0,2064
4766,6761,37,56,7,43,70,3807
3021,4016,89,68,191,13,156,2511
2332,3835,10,72,85,17,184,2287
672,1000,76,75,160,52,11,1117
4459,4830,32,78,7,59,100,3852
1016,1689,15,81,103,46,24,1480
2417,2988,67,39,140,21,0,2802
2664,4588,86,67,135,30,0,2735
1593,1957,65,77,32,61,19,1992
4380,5560,48,60,155,39,220,3321
2994,5166,22,52,179,68,0,3735
3079,5730,50,100,28,41,212,4394
4595,2524,13,43,29,4,0,3690
3906,6965,45,57,79,3,229,3910
2680,2043,71,64,52,72,46,2093
3333,5120,18,48,164,65,0,3912
662,1000,56,62,36,41,15,1225
4239,5946,71,81,57,58,0,3997
2432,4179,73,39,131,44,0,2623
3228,3488,52,63,70,65,229,3444
2082,1839,69,85,26,48,0,3225
1064,2614,51,80,153,51,10,1209
3097,3279,55,71,169,24,0,3044
1487,2265,23,63,105,20,0,2015
2428,3048,14,66,196,27,228,2174
2726,2929,88,74,47,42,0,3702
4624,2127,33,34,176,67,0,3793
2393,3421,35,49,66,47,48,2537
1625,2422,54,61,102,64,158,1698
4933,8900,47,55,13,59,357,3793
2670,4930,27,99,167,30,0,4143
3158,5357,65,78,58,39,0,4233
3250,2418,36,88,102,15,0,3616
4721,4993,83,56,100,25,0,3896
1001,1000,60,55,108,36,55,926
2632,3730,65,32,47,4,258,2890
1469,2371,77,32,107,7,16,911
2783,3930,21,60,27,29,0,2660
707,1000,29,93,42,51,51,1742
3294,4663,90,68,171,23,0,3259
2702,3585,29,96,184,35,90,2896
3770,4308,49,51,194,62,139,2569
985,1000,16,41,44,22,0,1246
2482,1996,85,35,129,59,198,2001
4843,7896,23,42,46,21,30,3503
1104,1407,35,51,109,26,0,1346
1347,2366,37,36,101,70,0,1706
3058,4610,85,70,157,31,0,3047
1744,1522,23,85,162,7,166,2738
1565,1579,57,81,101,7,0,1620
3897,7003,75,45,131,57,0,3750
1325,2838,49,69,137,35,18,1843
1891,1653,57,52,184,17,29,1959
1735,2522,63,50,62,47,88,1985
3780,3379,66,78,4,9,363,2856
4049,6599,64,76,98,23,189,4266
2007,2535,28,90,126,51,0,3289
4571,4494,36,65,100,28,406,5175
4142,4787,16,76,48,11,130,2892
1598,1843,60,50,170,31,84,2108
796,1310,83,54,190,61,0,1487
3549,2172,47,68,101,46,90,3124
4854,8428,14,72,194,22,241,3554
4287,8328,40,83,154,53,407,3627
4499,4319,63,35,129,58,325,2687
3045,4264,21,82,10,40,86,3133
3572,3641,17,37,30,58,141,3529
3142,5501,90,52,75,35,0,2820
2100,3530,56,73,154,61,0,2434
4299,6927,30,60,16,65,226,4585
1118,1809,12,89,177,37,0,2326
3239,4551,45,48,8,35,151,3096
4776,7579,15,69,117,29,312,5423
2082,1515,47,42,136,56,112,1367
737,1925,25,33,145,45,0,727
4525,7526,58,81,137,70,196,4621
3042,6020,72,97,123,56,0,4661
4165,5809,76,92,164,11,0,4033
4735,3158,47,31,19,17,0,4470
769,1064,40,67,191,48,63,1397
3960,6642,68,36,21,38,0,3482
1005,1306,62,88,79,49,18,1471
1629,1403,35,30,162,65,31,1302
3645,5114,66,54,128,13,343,4555
1956,2566,61,71,7,46,0,2481
3009,2376,76,31,171,33,0,2484
1219,1066,25,46,162,46,31,1304
2422,4070,21,86,149,49,238,3376
3532,5687,26,43,167,22,95,2327
4033,5116,63,84,103,19,0,4130
1575,1000,85,98,100,38,96,2412
2424,4683,23,41,189,28,0,2119
1041,1000,58,40,31,42,96,1229
2661,4610,25,47,82,12,0,2542
4657,7561,46,95,11,10,247,3720
4262,7939,64,79,124,16,380,3383
3222,4241,66,76,16,47,271,4094
1308,3228,71,37,59,5,0,1565
1629,2804,48,45,92,66,0,2194
1853,2274,88,100,111,36,0,2542
1267,3005,10,33,97,67,42,1342
3954,3830,30,100,61,13,372,3100
2290,1060,52,63,196,56,0,2417
1385,1835,11,58,184,21,22,1499
2735,3859,10,76,70,48,136,3362
3263,5591,68,36,147,55,0,3260
1787,1951,44,55,12,35,0,2022
3426,5129,78,44,29,36,0,3111
4876,6498,10,75,102,64,312,5121
4467,6190,18,31,61,20,279,2921
4923,3771,89,88,192,72,152,3854
2573,2517,83,74,86,55,0,2635
2419,4112,57,86,16,1,239,3413
4764,3324,88,51,116,51,427,5396
4218,7731,46,33,34,27,392,2946
4435,5269,76,74,186,28,394,3221
2408,3518,23,34,54,34,0,2603
3983,4413,80,94,166,40,290,4260
3220,3322,44,44,187,8,126,2752
1297,2072,89,51,6,39,0,1812
2969,3027,24,31,10,59,0,2724
4469,2469,76,36,51,18,0,3688
1177,1087,15,33,189,5,0,1291
605,1887,66,50,72,40,37,1548
2282,4795,39,71,49,6,171,2974
2497,3265,64,38,146,58,64,2213
2061,1000,89,90,17,52,84,2724
1801,2790,62,61,43,69,0,2085
1443,2941,76,94,57,11,68,1977
3200,5973,22,45,90,11,22,2311
578,1000,89,83,41,33,40,1378
725,1000,56,64,141,71,31,1314
1709,2235,86,72,12,9,0,1863
3306,3542,28,87,171,23,47,2808
828,1000,40,91,131,19,0,1677
4175,4641,21,55,18,25,60,2645
832,1000,51,57,64,59,26,1041
1696,2971,66,87,75,40,0,2187
1929,2590,86,79,112,17,154,2183
2026,2739,22,75,176,12,0,2149
4397,5141,69,50,92,28,0,4507
528,1256,37,54,168,25,0,619
1327,2390,10,64,48,59,0,1699
2524,1094,12,79,128,35,251,2151
798,1000,31,53,30,1,36,917
2064,2383,47,80,164,52,153,2931
1857,3210,36,35,53,60,101,1942
1960,3516,80,89,185,28,155,2597
4485,7005,64,90,88,66,434,3781
4878,3462,70,86,18,31,233,4583
4974,3067,54,41,91,63,87,3885
855,1000,30,80,3,47,0,1608
3186,3684,67,74,59,30,0,3376
3819,6134,40,86,158,36,0,4436
2762,1643,40,58,195,17,0,2416
3729,6225,50,94,2,48,0,4888
4498,4473,41,35,31,64,134,2694
1116,1000,28,63,93,48,0,1646
4696,3987,28,63,125,1,87,3653
4104,3700,65,86,124,34,0,4085
3408,6271,22,59,193,71,29,2939
4633,1922,77,55,102,61,120,3588
1159,2587,86,86,93,43,0,1689
3475,3533,64,79,113,67,145,3396
1549,1914,12,35,46,12,0,1394
1318,1022,75,73,20,51,122,2310
512,1000,52,61,185,66,46,1406
2918,1950,36,84,64,25,61,2558
1814,1338,28,78,186,24,94,1931
2281,1492,57,77,38,68,212,3085
1050,1092,55,30,135,40,0,1367
1148,1480,44,63,67,29,0,1619
4741,3414,57,33,74,9,368,4892
3661,6674,73,85,28,53,0,3685
1027,2761,73,79,61,32,75,1896
4234,1708,20,59,117,66,52,2960
900,1000,53,68,71,11,56,1178
2273,2684,18,49,116,41,119,2536
2451,2449,42,70,163,44,0,2594
3278,5383,48,41,130,44,197,3495
1095,2063,90,84,22,64,0,2488
1341,1692,36,37,123,5,0,1711
2288,2230,61,73,11,2,0,2139
4452,1446,49,89,164,20,0,4105
2563,2997,58,56,62,28,109,2708
2545,2139,32,53,131,67,0,3266
3350,5665,31,93,181,3,240,2734
2568,3186,87,31,53,55,158,2619
2775,2728,28,41,134,64,245,3222
1811,3692,15,89,67,36,20,2304
4175,5406,52,42,165,11,69,3429
3753,3242,34,71,137,16,35,3082
4282,6363,54,87,7,4,333,4854
3165,2096,76,59,119,37,0,3238
2572,3116,22,41,135,26,212,3223
837,1000,81,57,126,24,12,1208
1415,1000,47,37,154,37,20,1091
3407,5116,20,76,11,14,0,4349
2136,3063,64,45,87,70,178,1870
2149,2080,81,58,96,11,0,2225
4190,3463,79,84,36,32,44,3049
3471,7033,16,83,59,52,0,3645
1936,1528,53,52,40,62,25,1773
4481,9138,73,99,131,59,0,4400
2237,3938,40,33,94,22,0,2370
1404,2298,53,90,55,69,0,1829
4054,3289,56,93,3,2,0,4968
4406,6365,45,77,82,53,300,5136
3742,5913,46,47,200,57,86,3267
1538,1462,19,74,194,46,0,2223
4271,3279,51,94,190,20,0,4280
871,1308,39,56,9,20,0,1943
1592,2728,47,54,156,64,10,1641
1345,2416,45,84,1,33,86,1766
4696,3380,43,85,55,5,353,5316
3300,3663,11,45,185,31,79,2801
4991,5865,61,96,130,63,249,5178
3583,3204,46,48,166,5,94,2970
1269,1000,51,58,188,40,90,1484
2372,3158,41,81,68,1,0,2590
1681,3865,35,73,16,4,20,1561
1939,2641,39,53,188,51,120,1940
3397,3135,41,76,43,2,315,4398
3403,2073,65,75,40,67,0,3204
728,1747,62,64,103,45,45,1689
4459,2769,16,86,182,60,76,3346
1813,1520,32,58,90,19,113,1575
1474,2888,61,99,12,15,25,1771
1257,1000,32,100,145,13,71,1832
3595,4891,78,99,39,56,239,4362
1886,1534,70,43,168,72,49,1999
2430,2928,15,85,163,62,75,3104
2663,4817,80,68,183,65,0,3011
2827,1988,16,100,46,18,0,2775
3578,4526,59,62,50,17,0,3146
1985,2570,64,49,63,40,0,2158
4215,2880,57,72,92,28,0,4331
4306,7078,63,67,157,20,125,3398
1763,4327,20,50,199,20,173,1769
1334,2989,36,36,185,54,34,1333
1638,2708,57,43,71,9,0,1930
1292,1113,50,34,124,59,59,1669
3610,3203,90,50,155,68,0,3932
2666,4225,74,88,30,17,0,3145
4919,6602,26,74,64,62,489,3664
2886,3877,29,48,109,24,13,2106
2294,2309,50,80,143,15,0,3366
604,1400,84,31,11,14,50,699
4393,3008,80,39,15,47,0,3378
4345,6678,47,98,181,31,182,4348
3829,2665,34,32,75,60,12,2798
3938,5462,23,59,109,11,0,4239
4486,3005,55,67,87,26,269,4371
4051,3358,26,98,188,35,0,4232
4732,5411,50,81,68,21,318,3409
1201,1771,34,83,29,42,47,1440
3489,5719,88,69,176,50,0,3517
2211,2525,34,85,105,15,171,2990
3732,4049,22,66,19,3,226,2809
2855,1748,34,64,84,36,93,2623
3280,6376,30,90,134,11,0,3914
2991,3341,34,37,63,29,203,3012
4560,6927,20,64,47,61,263,4536
904,1498,28,52,46,62,39,1213
2221,4402,58,67,191,7,213,3362
4345,7777,43,83,172,70,0,4588
4710,8950,11,74,16,62,329,5175
3583,6080,86,48,46,68,195,3336
1279,2141,85,54,81,6,0,1254
3392,6007,67,61,136,12,242,4052
2393,3260,10,37,63,34,120,1742
4218,8289,30,49,35,21,123,3655
4835,6331,43,97,175,14,365,5948
589,1000,27,44,90,40,39,1129
2780,2911,13,48,155,69,210,3138
1504,1443,79,51,106,5,67,1537
1616,1758,62,81,91,62,68,2324
4879,6550,40,57,192,40,308,3520
2479,2284,34,59,34,71,0,2662
3847,5200,59,37,132,53,0,4290
1856,1362,38,48,28,38,116,1909
2632,3163,76,53,124,40,0,2465
1554,1313,15,45,82,22,0,1928
2264,2980,49,31,13,46,0,2532
1912,1961,14,87,73,34,160,2448
3870,7345,13,36,171,43,0,4100
4657,5877,65,38,20,26,70,3178
3809,4751,15,36,9,1,0,3287
4048,7955,37,90,119,48,0,4166
3685,3415,12,85,115,2,0,4526
2923,2966,74,49,40,50,0,2608
4015,3180,78,62,111,45,0,3411
3235,3944,36,38,90,1,0,2930
4991,8021,48,61,86,28,0,4405
725,1353,41,54,21,2,30,1072
1841,2474,37,46,123,12,0,2548
709,1000,88,40,104,16,22,686
4227,5889,72,35,185,8,315,4597
1609,1726,11,88,131,49,135,2236
2526,3606,35,39,193,11,197,1714
893,1000,48,30,110,62,77,1497
1343,2213,26,81,64,30,0,2034
1081,1231,58,77,22,62,0,2259
2439,4632,12,62,97,9,171,3044
4270,4101,11,95,39,9,418,5400
1816,1961,37,85,154,56,34,2138
1389,2186,58,41,156,30,30,1435
3561,6843,18,57,157,9,171,2726
4129,8029,35,100,138,24,100,4250
3248,5350,16,84,64,13,0,3915
4753,2754,20,34,58,58,128,3587
2592,5008,63,34,173,27,120,2703
2862,3874,20,72,187,27,214,3314
2226,3576,78,87,129,43,0,2911
3861,7161,60,48,183,27,283,2889
856,1000,34,78,190,32,81,1917
1371,2268,59,35,87,53,55,1032
2473,4209,55,52,25,27,0,2796
2310,4550,86,72,104,40,31,1919
4918,4609,53,73,124,35,0,5269
2728,2830,80,74,26,1,13,2088
3891,4027,57,48,18,27,30,2788
2850,3350,82,86,35,48,0,3213
3370,6647,63,82,78,56,0,3660
3336,4200,17,91,119,31,248,2841
1466,1000,90,52,11,1,93,1786
4363,7263,30,51,139,63,35,3618
3900,5056,60,69,50,30,242,4431
2988,3839,52,70,118,57,0,3065
2058,3468,66,90,89,65,0,2900
1919,1419,21,47,58,48,13,1879
4414,4404,69,61,15,12,235,4022
3456,2338,89,66,79,9,0,3360
3074,6473,16,53,49,37,274,4070
2394,5194,37,75,160,65,0,2962
2366,2292,62,50,19,24,34,1717
1520,1325,81,98,71,57,34,2067
1946,1292,90,35,125,46,0,2071
4164,4386,50,77,10,10,316,3320
858,1000,89,48,78,69,33,1052
4396,4585,48,80,133,56,80,3651
3002,6096,85,41,87,48,171,3064
4308,8083,62,64,3,12,0,3712
692,1000,10,33,113,7,63,892
3479,3522,29,60,7,71,346,4507
2032,3997,66,75,13,62,153,2553
2377,1949,20,60,136,60,30,2268
648,1000,10,86,35,56,0,1596
4044,3645,39,99,40,14,0,4032
4549,8793,64,30,136,22,420,5175
3105,2185,66,65,83,23,23,2235
1907,2237,45,58,154,46,155,2415
3890,5766,46,73,180,39,0,3686
3940,3435,55,97,3,34,0,3974
900,1245,43,63,177,20,0,1502
3912,4221,45,69,150,8,0,3954
2375,4430,71,35,136,11,91,1457
4268,7622,13,34,18,28,290,4736
3102,5798,65,83,2,13,25,2394
1709,1431,56,32,72,5,0,1909
1304,2063,59,37,7,55,40,1266
633,1000,16,73,168,28,0,1295
2937,2698,57,37,4,19,244,3233
4171,7586,72,37,151,26,0,3652
4505,6834,65,59,31,63,0,4171
3557,4391,71,73,127,14,270,2577
1050,1208,90,76,126,71,0,1981
3717,1838,62,71,26,63,58,3038
2933,6005,48,66,88,72,0,3082
1579,1000,62,54,113,29,0,1841
2085,3862,47,39,176,5,0,2303
3557,4180,88,78,199,20,201,3877
1895,2816,10,75,98,3,135,2618
1566,1000,25,61,88,56,0,1734
3014,4229,67,100,88,59,0,3280
3975,8129,23,32,188,19,206,3716
2164,2930,42,56,87,18,0,2284
1364,1590,80,89,25,32,111,1892
4024,5306,59,76,43,12,161,4053
4286,3577,73,94,17,45,0,4212
1808,2272,40,80,195,58,136,3007
886,1000,82,42,99,64,0,831
1661,2143,67,33,15,72,0,1768
3942,3848,43,37,19,43,110,2916
605,1000,24,68,194,32,0,998
4971,8062,29,99,44,59,0,5039
1242,1575,70,49,186,29,0,1657
4935,2504,50,86,5,43,0,4065
4763,7109,87,37,110,8,0,3888
1056,2419,70,36,173,9,0,1677
2547,1188,58,83,73,33,69,2857
798,1446,79,48,78,48,73,1436
3578,1884,29,92,62,61,0,3433
870,1117,58,39,125,27,0,933
3696,6356,68,78,161,14,0,3715
4787,5052,20,63,193,49,0,4558
880,1343,79,64,88,39,35,1359
4149,7975,15,52,17,5,0,3846
738,1000,51,54,29,45,29,1295
3747,5561,61,99,40,24,232,2955
2146,1419,22,100,70,46,187,3259
2867,5452,41,96,2,55,200,3571
4831,8840,21,62,6,5,475,3585
3534,5427,84,46,183,42,93,3417
4473,7560,52,35,192,34,0,3798
4820,4523,65,78,186,53,135,3809
4609,4177,28,92,83,3,42,3645
3779,4951,17,87,118,30,0,3697
2202,3520,21,67,190,61,0,3359
4705,3013,78,55,47,60,0,4322
2901,4147,42,57,51,11,83,2510
2864,1953,45,80,45,35,0,2911
4265,6878,12,66,28,65,297,4696
2375,1323,84,80,72,49,45,2320
1282,1714,68,96,126,46,0,2795
3168,4088,18,41,28,51,0,2721
4222,3494,19,35,24,36,0,3412
4367,7772,36,41,148,14,0,4060
2436,5466,14,89,168,1,199,3081
3703,4324,16,86,8,52,245,3070
1481,3584,28,41,12,39,0,1928
3849,3204,26,84,101,72,358,4729
2277,4032,48,48,65,36,138,2773
4287,3072,25,48,58,66,0,3883
2280,2905,62,60,99,3,0,2805
1083,2517,87,73,77,63,81,1847
3877,7676,38,48,154,15,263,4363
798,1363,63,54,161,11,0,1465
3389,5041,90,52,115,23,0,3930
1377,1295,43,81,165,17,35,1584
4547,7110,21,69,152,54,250,4792
1598,3261,19,62,17,16,29,1952
2234,1817,75,54,54,27,0,1918
1180,2135,11,56,55,15,0,1816
2570,4148,13,85,55,46,247,2285
2229,1141,32,54,48,1,155,2670
2112,1871,65,72,115,15,104,1845
4892,6087,24,92,107,7,487,6092
3497,3166,40,57,22,31,0,3661
2652,3323,27,44,90,36,0,2521
1655,1582,59,92,2,66,0,2299
2390,1673,70,72,22,24,0,3020
2817,3175,26,75,163,1,239,3541
3675,6088,67,69,138,13,223,3931
4781,6291,79,80,196,69,94,3616
722,1000,85,45,108,50,0,1080
502,1000,82,52,56,51,46,1010
4823,6621,80,83,121,41,0,4535
2385,2835,40,41,190,44,12,1886
1369,1661,68,40,121,36,86,1451
593,1743,77,71,12,1,0,759
3487,5678,84,68,80,4,0,3158
2760,3957,20,51,155,53,0,2733
4087,5567,26,59,35,43,151,3900
605,1000,60,35,1,6,58,669
3373,2859,24,85,127,41,304,4409
3846,4773,13,33,100,27,211,2382
744,1388,66,45,175,36,43,794
3125,2559,38,69,151,21,0,3453
3200,2121,33,83,18,38,0,2967
3874,4889,11,62,116,15,0,3760
1457,1438,74,47,2,66,35,1583
1830,1000,15,54,155,61,13,1962
2321,1924,27,69,83,64,0,3532
3502,6198,49,52,159,32,0,3430
3151,6246,54,42,59,44,275,2194
3377,2059,40,70,66,34,0,2966
1245,1987,54,93,67,52,49,1829
4523,2310,17,75,188,13,186,3918
2796,4316,87,88,95,43,0,3164
2087,3095,19,79,7,1,143,1747
3914,3369,47,32,42,8,42,2628
1656,1590,85,61,1,56,0,1697
3209,4371,32,92,173,8,97,3380
1654,1954,13,88,1,45,0,2246
4353,6039,87,66,156,31,242,4503
3932,2819,79,74,156,7,0,4156
837,1000,50,30,79,31,46,884
1230,2912,86,44,188,32,0,1746
2148,1000,10,80,96,61,0,2507
4728,9013,43,43,121,61,157,3358
4636,7595,45,58,69,65,0,4592
2826,1073,36,39,35,66,0,2687
3622,5039,80,97,53,66,210,4349
2743,3510,16,76,54,56,203,3161
3991,5927,33,72,49,34,325,4796
1879,2329,87,65,167,16,182,1659
1888,2283,40,61,34,62,0,2802
767,1650,79,75,188,30,0,1347
4721,5752,39,41,4,50,128,3662
2363,1738,15,91,56,37,103,2259
1116,1251,17,99,145,9,98,2273
646,1181,64,90,104,46,0,1508
788,1000,11,32,189,13,0,1057
513,1000,20,50,126,52,25,1417
756,1000,13,83,4,61,48,1494
2221,4317,12,35,76,24,144,1861
4667,5508,75,34,117,13,0,3884
4469,3456,64,38,65,59,346,4529
2931,4554,18,60,75,51,94,2311
1280,1011,54,31,12,7,57,1549
3765,5441,10,31,55,59,125,2406
1903,3480,16,99,196,11,0,2447
1926,1498,11,52,170,3,177,1764
3147,2387,54,72,82,20,113,3155
3325,1871,18,65,11,14,53,2432
2289,1256,61,48,191,45,143,2702
3536,1357,18,30,114,53,0,3149
3675,5120,53,72,65,63,0,3778
4799,3307,88,54,133,9,0,4782
2365,3632,55,54,145,71,233,3252
1799,2429,54,88,174,1,147,1928
3629,4553,63,53,36,15,89,2442
604,1000,41,32,5,69,34,565
4848,4551,80,49,50,20,49,3511
4894,3826,21,98,80,46,441,3774
4696,8386,76,84,26,12,352,5351
3627,2367,46,66,87,52,325,2570
4314,7003,35,77,63,55,0,4942
591,1344,30,96,177,5,53,1792
4912,9604,33,34,72,43,0,5530
3739,4551,34,47,143,70,122,3349
1745,1000,10,33,10,50,133,1501
3556,5201,87,92,43,50,139,2873
1338,1936,36,42,178,61,119,2072
3301,1815,74,32,7,31,287,3334
864,1124,45,85,100,45,54,1649
4460,2611,83,59,146,64,75,3697
4459,2752,37,47,139,20,0,3860
4960,4452,78,89,24,29,0,4874
4787,9127,18,38,158,33,0,4812
3137,4374,45,75,185,43,311,2621
4977,5278,88,71,43,33,206,3824
1103,2471,42,94,140,34,74,2025
2515,2869,13,44,27,71,24,2180
3880,4368,40,82,88,22,0,4025
4267,3466,83,40,173,63,329,4514
648,1000,25,61,92,37,43,1233
2669,1492,77,92,58,66,0,2943
4256,4501,61,49,118,66,56,3111
2923,2797,11,48,151,53,0,3363
3682,2244,32,88,111,7,0,3636
3148,2431,80,85,157,56,76,3105
4852,3573,60,95,115,55,454,6158
4074,2498,18,81,154,9,160,3765
2043,1541,72,32,46,2,0,1978
3097,3349,11,43,196,46,0,3198
2791,3556,54,56,168,51,240,3205
1486,1561,45,62,100,31,133,1646
1260,2994,46,39,132,30,0,1343
864,1303,44,72,59,44,0,1646
1125,1018,41,30,103,55,67,1409
590,1000,21,88,1,48,58,1684
3506,4901,14,35,46,68,158,3479
2401,3921,17,58,29,44,164,1948
4990,7299,71,70,109,71,334,3710
3908,6758,67,46,57,9,0,3360
4736,8932,40,48,48,72,458,6103
4665,4733,21,66,62,46,415,5376
4980,4175,13,90,47,17,0,4591
4800,7873,84,67,50,62,393,3762
3485,6900,78,97,81,24,0,3394
4488,8935,72,82,3,38,0,5405
537,1224,26,97,106,16,41,1298
2572,2321,73,97,189,55,220,2338
2332,3063,44,56,176,57,0,2745
4651,8479,11,76,175,49,179,3568
2251,2461,30,93,19,37,19,2172
2547,4851,49,35,111,38,184,2798
4911,7369,40,49,106,50,454,3507
2960,5980,90,83,75,20,0,3138
2475,1876,44,59,153,55,67,2571
4356,4589,25,100,137,43,0,4331
3463,6134,59,48,23,2,253,2674
746,1000,26,51,97,56,0,819
2921,5670,53,58,182,4,0,2905
1588,2034,78,95,174,34,52,2126
4683,3509,74,79,188,32,37,3448
3659,6322,62,43,73,34,286,3248
3086,4641,45,57,172,15,171,3127
3986,6487,48,86,122,10,280,4556
3534,3717,32,90,46,24,66,3221
4707,4692,16,45,31,4,0,4179
3863,2082,64,100,47,23,0,3819
4612,2235,28,63,53,20,393,2824
1379,1556,43,30,59,11,0,1552
2662,4075,20,96,197,51,206,2432
2148,1164,80,83,197,31,153,1795
1859,1864,45,39,22,30,94,1978
4717,4248,41,68,44,19,298,3436
580,1113,24,39,36,12,0,703
2922,4453,43,81,1,66,0,3129
4141,6227,43,76,13,20,0,4594
1944,1008,53,44,36,15,37,966
958,1000,80,58,106,71,0,1385
1712,2383,59,76,83,34,0,2514
2911,2835,83,88,31,64,233,2623
2884,2511,54,73,84,55,0,3687
4241,7861,74,31,47,25,0,3546
1404,1000,67,90,95,66,0,2060
2789,5295,50,99,124,34,0,4129
1985,3823,24,97,169,39,0,2561
2938,3361,74,80,188,9,78,2424
4065,3760,20,72,137,42,116,3340
4718,4130,23,84,31,53,456,3470
1464,3087,34,41,117,55,0,1798
1495,2494,61,77,148,11,79,2056
3754,3615,56,95,169,31,266,3394
3482,2231,60,50,103,60,89,2838
4906,6123,79,93,52,39,13,3978
3519,4306,74,64,169,58,208,2364
3080,6694,50,69,164,30,0,3146
3638,5176,13,31,74,14,0,3061
1277,1985,47,56,151,63,62,1447
2676,4960,67,55,57,7,32,1714
4784,2571,47,43,168,19,0,4192
2254,3320,53,40,10,32,190,1471
951,1650,23,36,118,44,0,1217
4808,8456,42,59,131,62,346,5123
4257,5423,16,65,62,20,280,4632
4516,7524,75,90,46,45,120,4167
4436,8977,21,71,3,3,411,5324
1940,2697,40,96,82,61,123,2100
3344,5887,65,63,177,55,0,3246
4675,7608,27,74,160,4,231,4488
4270,2969,73,90,87,64,36,3373
3983,2031,90,52,129,70,0,3967
2432,3085,18,88,176,15,0,3409
3541,6712,49,93,139,34,0,4731
969,1492,82,41,169,57,20,1171
3444,6430,64,58,118,16,163,3227
1684,2275,33,90,102,47,0,2522
2311,2665,89,97,179,58,51,2431
1416,2303,75,36,193,46,60,1205
2023,2983,17,54,183,55,39,2186
4607,4871,41,81,150,51,0,4983
1741,1976,77,37,64,38,71,1718
1190,1122,37,72,125,29,63,1521
1027,1997,49,53,50,35,0,1417
4325,3799,66,55,40,19,0,3632
3393,1169,84,55,4,5,297,3642
3028,4597,64,62,45,66,134,3261
3186,4317,73,47,60,58,168,3663
1971,3803,21,56,2,43,0,2097
4762,5731,61,78,89,14,28,3431
1595,2181,44,50,192,8,17,1297
2273,1000,53,60,8,6,0,2934
1391,2743,25,84,137,50,0,2236
4684,7003,83,91,118,58,0,4607
1207,2112,62,71,49,26,0,1668
2897,5735,11,57,158,44,0,3849
2854,5445,73,58,102,59,50,2405
2968,3014,30,85,78,1,16,2704
3040,5615,69,69,41,11,189,3614
4599,3838,71,40,1,39,0,3940
3130,5325,46,85,190,44,0,3414
1554,1706,27,34,58,12,82,1589
880,1000,33,96,60,28,79,1804
3582,6576,39,97,179,72,145,4322
2891,2674,26,38,75,68,185,2804
1707,2187,13,73,19,33,67,2011
1044,1163,74,31,160,43,76,1746
2867,3879,81,92,85,7,276,3821
3630,6299,64,83,190,32,0,3725
4358,3379,68,43,113,56,102,2921
3208,2994,12,73,108,65,16,2470
3836,5201,83,54,199,26,39,3141
4588,7692,31,46,66,70,0,4206
1531,1830,15,46,76,51,0,2139
707,1000,88,58,49,67,0,1400
1646,1639,64,40,43,49,0,2171
4799,4699,49,45,30,1,266,4355
4550,2930,71,74,6,50,0,3785
1669,1000,68,31,41,42,0,1360
4417,4022,18,99,60,67,178,4487
2984,3426,66,92,19,62,0,3240
3939,8203,36,32,86,47,0,3893
3731,2250,67,48,78,26,0,3445
1156,1087,89,58,127,56,0,1219
4312,5624,71,77,29,66,0,4256
3840,7343,90,92,90,51,0,4281
4411,3826,76,50,144,27,0,3486
2296,3841,12,86,194,66,19,2296
4863,3865,60,42,199,62,108,3700
4972,6608,89,97,100,8,97,3734
1540,2321,59,51,185,10,0,2002
2614,1738,39,55,183,32,111,2090
1498,1770,71,84,188,6,0,1871
1194,2453,64,53,198,4,32,1723
4718,2877,64,41,37,64,141,3149
2368,2398,66,92,54,17,230,3604
2642,1026,37,40,94,6,0,2321
1648,1000,55,33,124,58,0,1517
4042,3537,88,97,27,59,331,2963
4684,6990,77,51,50,27,208,3148
709,1000,74,62,54,31,24,1284
3648,5987,59,99,196,14,221,4083
1482,2629,12,32,158,7,0,1534
4026,8261,11,43,150,65,0,3625
4432,6535,49,33,142,16,133,3514
3044,5354,11,84,38,37,145,3404
1888,1604,79,85,147,18,100,2515
4685,6835,85,67,51,9,431,5277
1219,1592,30,54,33,3,0,1408
3735,4124,25,81,44,71,0,3634
1172,2055,68,97,3,34,75,2013
3032,4765,50,72,58,33,298,4001
4058,3865,19,58,198,47,0,3753
1600,1980,38,82,111,16,0,2131
1123,1000,39,44,0,71,88,1173
4518,6660,44,41,40,25,0,4199
2997,3994,62,31,165,15,124,2577
3268,2643,77,76,146,43,158,3273
1711,1219,74,100,165,42,0,3172
1275,1000,24,42,180,13,20,1464
2883,2049,47,57,49,42,259,2247
4056,5290,40,97,60,30,0,4100
4316,2412,89,66,160,70,0,4316
1778,1000,63,80,99,19,0,2557
3023,5495,54,66,58,44,206,3833
1091,1000,84,90,47,66,34,1304
1028,1000,45,77,149,59,0,1521
3088,1148,20,42,24,32,0,3665
4088,4753,66,98,128,71,338,3428
3014,2541,13,40,4,66,79,2341
1077,2646,28,76,52,29,14,1662
727,1000,17,31,107,32,12,1022
2828,1620,73,72,82,15,0,2872
1327,1000,23,92,28,28,110,1939
1563,1541,85,59,75,41,20,1554
1920,1000,89,53,142,50,116,1789
1268,2304,17,66,161,10,49,1883
1904,2902,23,59,89,24,111,1418
4855,7490,15,52,160,25,221,3483
3805,2316,39,59,96,55,93,2451
4430,6821,76,70,146,53,323,5275
569,1000,36,96,0,55,39,1789
4594,2832,44,94,25,10,0,4012
3996,5686,22,84,169,11,0,4579
2383,2144,49,70,7,20,205,2814
4812,7722,85,57,187,65,0,4836
3924,7126,80,66,92,65,0,4001
1758,1446,27,84,7,15,158,2210
2515,4923,15,30,169,1,0,2239
4383,3408,48,89,70,66,74,3834
3692,6987,86,42,54,32,0,3646
2359,4895,63,82,95,51,0,3019
4003,2796,27,48,184,57,92,3173
4755,4084,22,55,166,60,57,3224
1637,1000,23,82,155,55,0,1990
1689,2532,50,86,153,6,134,2525
4596,5536,49,67,100,7,273,4846
2867,2646,57,75,72,26,142,2192
4188,6761,44,79,200,2,186,4279
4246,6653,33,99,172,65,207,4943
1397,2295,58,34,142,10,108,1491
4521,6126,59,47,10,41,125,3515
3715,4181,30,56,96,58,69,2872
890,1148,37,39,131,68,70,1583
1755,2806,58,35,63,28,116,2089
2219,3243,77,58,14,4,53,1819
1231,1298,38,45,135,26,0,1442
3038,4761,84,54,130,58,0,2889
4218,6545,18,70,134,63,0,4039
3867,5536,19,72,144,33,306,2811
2915,2245,47,46,123,69,0,3302
4839,3603,55,88,79,47,476,6039
3449,2326,79,56,111,45,233,3749
4761,4778,82,65,25,27,0,4783
3966,3426,54,48,21,7,0,3532
4073,2031,13,98,75,34,40,3326
3478,4724,80,82,166,38,132,2840
2947,4987,28,98,130,20,89,3039
3166,5217,41,47,180,19,153,3207
3930,4051,78,78,1,62,0,3754
3417,2381,34,89,195,28,0,3425
806,1080,58,52,56,30,51,1194
742,1000,41,76,74,37,28,1643
1932,1407,61,85,98,8,0,1897
3050,1939,24,81,53,1,268,3494
802,1000,17,92,42,63,17,1656
2686,3724,76,38,6,43,0,2288
1037,1855,54,59,37,45,62,1285
734,1219,77,38,189,58,22,1067
2409,3644,48,36,11,55,194,2850
2190,2556,89,36,94,29,0,2400
1256,1904,73,84,81,40,0,1585
1401,1466,82,86,56,3,0,1893
938,1000,47,75,69,20,51,1441
4290,4698,64,65,28,32,161,3538
4004,6934,84,61,175,63,327,4756
4753,6474,33,98,99,45,198,5054
1926,1736,81,72,177,23,129,2272
2293,3951,77,42,74,38,0,2210
1158,1117,34,99,4,35,19,1993
4850,3599,61,39,74,40,79,3085
707,1665,63,91,188,35,61,1418
2997,4534,44,41,111,13,120,2699
4690,8090,12,96,106,25,0,4832
689,1000,10,40,153,43,35,939
1255,1504,49,69,176,2,23,1121
4112,4082,84,35,25,60,0,3377
1645,3122,63,81,141,50,58,2055
4894,4702,43,55,34,69,345,5085
1961,3395,81,55,130,36,33,2041
4792,3433,84,78,86,41,265,3087
2768,1273,54,67,177,56,11,2542
1494,2493,24,65,139,3,0,2409
4915,5083,89,53,192,39,397,3338
1354,1631,27,40,120,36,0,1438
4587,6780,10,53,166,46,0,4450
4874,6432,80,88,78,50,0,5091
4519,2018,51,99,89,61,210,4347
4871,7258,74,46,23,27,0,4531
1422,1895,27,54,52,54,38,1740
2173,4422,90,43,6,36,52,1762
3592,4109,39,39,97,6,88,2795
2166,1000,45,91,6,57,84,2787
993,1550,78,95,151,30,81,1728
3470,3790,10,56,182,1,252,3945
1261,2827,80,85,53,47,62,1664
3685,5715,33,93,178,30,0,4078
2306,3965,84,53,21,15,183,1669
4824,4124,90,81,36,23,395,3454
2330,3479,60,70,179,65,0,2673
3310,4375,62,95,64,51,292,3180
3592,4548,15,86,185,62,185,3813
2298,1714,22,71,60,72,0,2811
2101,2434,81,51,185,1,0,2058
4914,6943,36,66,99,25,67,3458
4437,5128,67,79,169,18,0,4417
2250,3696,17,70,41,16,0,2707
1987,4087,75,62,145,34,99,1837
4458,2511,42,72,108,20,336,4830
3897,6928,46,36,47,51,351,2745
1859,3067,20,91,75,8,0,2193
2343,1117,46,50,64,61,0,2001
2160,1677,64,100,176,15,137,3053
4849,3646,28,56,31,36,340,4957
4318,3643,32,95,64,37,299,4581
4908,4947,36,45,139,72,0,4434
964,1000,73,44,182,43,83,1409
777,1000,61,71,88,37,38,1030
902,1243,61,53,190,58,74,1021
3944,6206,90,71,59,9,0,3687
3878,4119,79,52,31,14,161,2562
841,1417,88,30,20,32,50,873
632,1000,43,98,55,2,31,1607
4317,2994,74,58,128,20,53,2591
2854,4948,22,47,73,18,0,2932
765,1000,49,31,145,59,69,1082
1612,3416,23,71,58,27,29,2140
2734,2114,67,96,127,18,0,3792
3568,5934,84,38,140,71,300,4160
1134,1000,74,67,69,39,0,1380
3670,4223,75,43,132,67,154,3014
2365,2590,13,31,113,29,165,2278
1889,1774,26,100,26,52,89,2539
4614,6376,83,83,12,67,0,4128
3410,5275,58,96,185,47,0,3924
4877,6796,33,74,178,34,126,4165
4202,7384,29,31,17,45,0,4372
2516,2190,35,53,186,63,32,2123
840,1172,12,63,196,27,0,1453
4275,6215,65,93,196,47,306,4829
734,1000,34,88,150,37,0,1533
2480,2048,75,56,38,6,126,1741
1733,1000,15,33,8,43,73,1901
2253,2121,72,30,190,47,82,1782
3300,1032,52,53,26,26,190,3099
3433,3755,34,71,162,1,19,2458
4350,3167,37,98,89,6,55,3613
1688,3236,45,46,179,27,0,1900
2764,2756,36,32,27,5,220,3309
2394,1123,90,54,9,36,176,1697
3322,5285,21,78,187,35,294,2760
1223,1000,85,48,196,61,0,1597
3270,5767,68,36,19,30,206,3373
1069,1000,42,61,139,67,0,1615
2473,5284,60,79,29,55,218,3474
1757,1019,35,44,65,69,0,1857
4681,5604,86,49,168,20,436,3344
620,1000,85,35,113,70,21,1186
3152,3145,17,88,135,38,95,3464
2803,3744,28,81,56,42,126,3145
1299,1951,41,55,27,37,31,1389
3880,5499,30,77,141,17,0,5017
2606,2304,73,84,138,33,201,3307
3456,3898,80,98,163,58,29,3003
3864,5726,61,70,134,51,0,3728
2415,1044,12,68,178,62,0,3253
1187,1000,33,49,95,43,90,973
1707,2302,29,65,84,22,0,1857
1284,1592,31,62,16,72,116,2276
4218,8256,30,79,115,11,234,4507
3193,1410,53,64,155,29,143,3051
4734,4388,30,88,89,58,398,5695
536,1000,30,38,18,29,43,967
3576,3941,13,45,15,49,278,3714
1161,1111,59,60,92,51,115,1629
2310,3243,86,84,159,8,94,2086
914,1000,47,100,28,55,82,1677
4165,2935,33,95,111,34,0,4817
4397,3371,41,70,68,12,232,2801
4977,6681,63,54,7,23,55,3451
3068,4221,75,61,180,38,133,2748
3480,3466,85,49,194,43,149,2931
1859,3574,54,68,134,17,0,2206
539,1000,27,57,90,43,0,1362
3121,4655,27,89,50,25,0,4438
2765,2480,20,49,116,53,234,3331
1315,1000,51,40,158,38,67,1541
607,1000,49,52,27,49,0,1076
3327,1010,68,50,19,44,50,2443
1337,1000,71,92,90,14,90,1424
3462,5891,89,46,126,52,0,3309
1070,1000,50,39,80,61,0,1229
3396,5550,81,37,0,41,0,2839
3538,7063,70,58,113,24,0,3648
1765,2086,81,44,115,3,0,2261
3467,5323,48,83,80,32,345,4880
2774,2372,11,97,175,54,138,3282
3236,4967,85,97,191,20,0,3552
2450,2251,79,42,81,60,13,1851
2118,1227,16,81,200,70,0,2676
3287,3482,41,55,105,52,184,3778
4334,8780,72,66,143,22,319,4675
2203,3241,43,74,18,55,15,2288
4274,3332,28,47,182,59,96,3702
2922,3872,23,89,132,37,146,3363
3533,1248,20,63,107,62,47,2489
1914,1352,19,69,5,47,77,1915
1029,1000,30,82,81,18,0,1600
3956,4110,55,52,50,19,41,2751
3315,7255,23,80,51,35,115,3489
2678,3406,78,82,148,9,109,2929
1107,1708,33,96,158,32,0,1962
3227,2969,69,57,184,44,150,2533
1088,1000,47,94,14,27,0,2430
2555,3742,41,49,142,65,78,2367
4322,3737,86,80,63,3,0,4172
3889,3646,68,58,199,1,245,3962
4188,2648,37,74,85,23,158,3965
1980,1775,32,51,152,67,118,2402
4098,3539,20,67,129,42,47,3284
4683,6842,82,93,155,1,0,5417
4810,4778,54,100,101,44,0,4395
3099,4177,90,43,145,4,111,2282
3246,3485,25,34,7,50,282,3410
2792,4614,52,71,89,5,177,3285
1913,1587,30,61,145,10,24,1889
2536,4422,35,55,141,46,150,2097
1040,2033,52,69,170,67,0,1542
576,1267,71,39,39,66,0,974
1175,1130,55,81,176,46,0,1885
4767,6398,22,56,93,62,160,3377
3995,2423,15,80,36,72,0,3858
3024,6148,72,97,137,1,290,3993
2615,4897,37,47,114,35,73,2738
1618,2121,78,31,80,24,0,1865
3280,5049,31,51,184,9,251,3702
2158,2118,75,70,187,2,0,2560
686,1003,50,39,137,59,0,1287
1284,1000,11,34,134,22,72,1198
3696,6195,45,61,62,12,0,3984
1693,1276,27,82,53,45,0,2571
4098,1891,59,91,168,10,0,3581
1073,2218,74,75,75,56,0,2197
1978,1046,35,84,137,30,23,1852
3101,2138,48,55,3,40,209,3220
3093,2216,35,82,156,33,0,3846
1415,1425,66,31,47,29,122,877
4369,5204,88,64,183,60,180,3738
3578,3991,46,79,130,25,289,4396
1475,1000,14,42,3,44,101,2012
3967,3857,70,78,149,39,0,4435
1951,1000,46,32,114,19,15,1373
3585,7533,51,46,177,28,0,3672
2231,3802,37,69,78,5,202,3037
808,2355,14,94,49,63,47,1397
3518,5425,47,94,117,26,279,2767
2524,4397,52,92,156,7,250,3818
4931,8234,19,67,186,5,163,3520
1778,1639,27,77,102,57,0,2411
1013,2200,21,53,173,62,0,1295
3000,4723,83,94,48,64,0,3453
3964,2035,22,89,167,7,0,4761
1782,3211,33,57,106,4,133,2541
1113,1509,26,44,119,35,62,1268
3616,2812,66,82,167,58,311,4132
830,1000,26,100,162,36,69,2016
2712,2808,65,31,83,9,130,2321
4994,7200,23,73,51,55,67,3767
2293,3167,68,98,133,48,23,2307
2957,4405,89,76,37,23,267,3522
3093,4959,46,52,94,45,177,3149
3849,2844,89,30,151,35,0,3317
3254,4473,33,56,94,25,0,2760
2942,3526,60,89,132,3,0,3289
1262,2314,63,53,161,62,98,1779
3672,5943,75,98,95,67,254,4494
2339,1000,33,76,35,22,155,1974
2234,1133,49,65,140,38,202,3121
2316,4515,18,94,145,23,104,2510
2407,3147,84,52,46,27,0,2396
2410,4061,39,49,23,62,68,2152
4349,7285,24,70,92,44,328,4815
4038,5373,34,33,167,61,358,4415
686,1507,76,69,82,12,0,1588
4038,2690,86,36,34,5,0,3362
2063,3546,26,54,2,57,0,2869
3727,4147,25,50,110,59,0,3921
3491,1732,88,38,80,12,254,3384
1410,1258,66,49,190,10,0,2136
4996,9168,65,44,163,17,0,4605
3831,4636,84,69,180,49,0,4651
1679,1434,40,80,153,29,109,2001
4319,2922,44,74,101,54,169,4183
2780,2364,19,96,56,11,0,3060
1203,1820,60,53,67,25,84,1716
1008,1398,18,44,18,71,0,1772
3939,6403,68,95,157,21,0,4171
4428,8024,47,46,81,9,299,3273
2668,1076,70,96,1,44,169,3559
3759,4692,22,56,176,36,303,2725
1406,1634,58,100,173,49,0,2552
3133,5401,81,57,11,18,31,2862
2291,2327,82,67,190,12,110,2271
4027,4304,25,44,162,2,222,4014
2590,2459,44,31,49,69,0,3069
1224,1000,39,55,143,43,22,1435
1026,1390,75,36,88,63,0,1104
2165,2763,14,30,128,28,174,2728
3052,2349,35,88,114,28,179,3414
4920,2672,80,73,72,18,438,3310
3743,2911,23,49,126,41,113,3285
4185,4207,90,47,74,16,0,3865
1131,2372,34,70,21,65,83,1875
2956,4607,79,46,0,57,164,3146
4455,4548,78,63,197,40,0,4077
1421,2634,34,65,134,14,70,1829
3618,3759,46,41,164,39,12,2457
4827,2689,45,50,163,3,475,3020
551,1000,65,50,72,58,0,850
2152,3237,75,86,14,2,0,2651
4562,6836,22,77,23,5,85,3570
4194,5794,19,64,83,32,106,3920
2036,1391,10,85,165,63,0,2668
3935,2551,23,91,79,44,202,2885
2561,2229,42,100,192,65,52,2633
3779,8148,46,48,51,33,180,2925
4384,6989,35,63,80,42,0,4064
1082,1000,49,70,131,54,74,1922
2113,3726,52,82,76,24,20,1670
4359,4097,38,91,182,71,76,3825
1946,2162,15,74,52,26,0,2138
3675,4993,79,38,101,45,0,3115
2877,4982,90,43,136,69,209,2336
2879,3438,63,72,61,61,167,1855
4622,6483,23,39,30,22,0,4028
3603,4213,83,72,74,53,122,3920
4511,7465,32,98,82,70,80,4365
1642,1751,32,40,146,23,44,1801
2255,1777,80,96,123,56,0,2793
502,1000,54,77,135,47,41,1567
1551,1300,31,82,67,47,154,2322
3904,5297,27,100,84,32,265,4592
4414,3644,24,59,57,64,316,4988
4957,8280,43,98,138,11,0,4818
3103,5957,21,62,69,56,167,2560
2477,1265,16,62,81,64,16,2041
875,1433,78,74,120,58,67,1475
3167,3577,75,50,118,45,95,2978
3970,6311,82,80,7,20,0,3803
2568,2209,50,51,28,21,0,3005
4209,3688,64,31,81,13,0,3371
1957,2437,83,70,143,5,0,2086
2414,3470,52,40,98,67,100,1806
1147,1491,80,34,38,44,0,1212
3293,3949,55,97,58,39,263,2883
979,1000,74,91,193,55,0,1732
3812,6688,22,52,83,56,167,3944
2463,4302,21,30,123,65,182,2698
2642,4253,18,74,62,64,108,2683
4398,4445,68,33,185,52,0,3799
1795,1000,33,39,135,2,0,1562
1261,2433,72,43,178,45,0,1968
1626,1433,83,48,94,41,45,1639
1703,1783,58,82,87,65,0,2313
4635,3689,10,68,50,15,379,5040
3593,3364,20,97,101,51,177,3089
1962,4314,19,48,119,31,0,2093
1702,2285,75,88,51,66,0,2619
4080,6798,89,98,84,44,161,4470
3797,6589,81,38,152,26,304,3860
1144,1753,22,55,47,9,96,1822
2142,1795,49,35,197,17,0,1977
4249,6455,25,95,173,13,0,4493
4304,1954,62,91,140,3,210,3090
2170,2509,26,37,53,12,179,1399
875,1000,30,48,156,37,57,1468
2109,3252,26,59,178,20,0,2159
4606,7169,36,84,176,72,0,4583
3439,3717,57,67,168,31,81,3130
4562,2457,53,46,11,25,0,3544
2916,2819,89,50,150,14,147,2546
996,1000,41,34,153,33,74,804
1004,1000,34,65,161,4,0,1343
2708,4323,37,37,40,25,0,2302
4864,8650,56,60,43,25,38,3437
2897,3979,21,74,26,35,29,2646
1095,1358,79,52,76,42,53,1469
1230,1000,68,62,182,37,78,1696
2743,4173,43,84,4,34,0,3486
1786,1768,81,66,154,31,0,2332
1257,3116,13,78,153,10,0,2279
1408,1000,42,78,167,53,0,2457
2356,2844,23,76,47,39,0,3445
2811,1965,62,39,45,61,29,2118
1289,2486,85,73,63,52,112,1496
671,1000,51,73,191,68,60,1457
2486,5249,34,93,17,42,0,2752
2385,1000,61,49,157,67,0,2557
975,1335,49,83,18,51,38,1457
1315,1000,87,37,54,24,91,1879
4266,4304,78,100,51,20,353,5708
3139,3804,21,39,9,41,87,2558
1664,1693,80,56,54,16,20,1160
3566,5068,16,99,88,39,0,3840
2960,3332,22,72,100,47,54,3081
